CustomerID,Recency,Frequency,Monetary,AvgOrderValue,ItemDiversity,PurchaseHour,RepeatPurchase
10000,15,9,842.5,93.61,0.26,16,1
10001,91,5,509.66,101.93,0.23,19,1
10002,40,6,575.88,95.98,0.52,11,1
10003,28,11,209.83,19.08,0.3,13,0
10004,6,4,141.53,35.38,0.22,10,1
10005,6,5,356.72,71.34,0.39,10,1
10006,2,8,905.25,113.16,0.3,12,1
10007,61,6,616.02,102.67,0.05,15,0
10008,28,11,1138.13,103.47,0.25,21,1
10009,37,5,234.18,46.84,0.08,15,1
10010,1,3,180.28,60.09,0.65,10,1
10011,106,4,257.7,64.42,0.45,15,0
10012,54,6,189.14,31.52,0.33,20,1
10013,8,9,164.36,18.26,0.46,18,1
10014,7,5,572.12,114.42,0.22,20,1
10015,7,4,161.1,40.28,0.42,15,1
10016,11,9,361.75,40.19,0.14,10,1
10017,23,7,166.28,23.75,0.26,17,0
10018,17,9,1012.44,112.49,0.13,20,1
10019,11,4,303.49,75.87,0.75,17,1
10020,29,4,340.16,85.04,0.05,9,0
10021,5,6,664.29,110.71,0.08,17,1
10022,11,12,615.48,51.29,0.15,9,1
10023,14,8,642.07,80.26,0.52,16,1
10024,19,5,95.37,19.07,0.24,14,0
10025,47,4,138.44,34.61,0.16,13,0
10026,7,9,920.53,102.28,0.39,14,1
10027,22,9,859.6,95.51,0.73,15,1
10028,27,4,207.27,51.82,0.2,19,0
10029,2,4,218.26,54.56,0.42,8,1
10030,29,7,497.16,71.02,0.45,15,1
10031,6,3,45.08,15.03,0.16,10,1
10032,3,8,322.65,40.33,0.08,10,1
10033,90,6,221.19,36.86,0.17,13,0
10034,102,6,247.8,41.3,0.35,11,0
10035,50,7,697.34,99.62,0.27,11,1
10036,11,2,88.73,44.36,0.22,11,0
10037,4,11,386.21,35.11,0.14,17,1
10038,35,3,203.84,67.95,0.15,16,0
10039,18,6,635.36,105.89,0.34,15,1
10040,4,5,201.71,40.34,0.23,10,1
10041,21,6,139.48,23.25,0.25,8,1
10042,2,5,262.11,52.42,0.05,8,1
10043,73,6,561.02,93.5,0.18,8,0
10044,9,7,509.76,72.82,0.52,11,1
10045,33,2,201.53,100.76,0.49,21,0
10046,12,4,463.03,115.76,0.47,13,1
10047,23,3,294.69,98.23,0.44,11,0
10048,24,6,470.4,78.4,0.28,18,1
10049,7,5,334.0,66.8,0.46,18,1
10050,105,8,153.66,19.21,0.17,10,0
10051,45,8,946.83,118.35,0.49,15,1
10052,85,3,165.8,55.27,0.19,21,0
10053,68,7,216.89,30.98,0.43,15,0
10054,28,8,680.04,85.0,0.38,13,1
10055,77,3,134.55,44.85,0.25,16,0
10056,3,8,612.05,76.51,0.05,19,1
10057,7,6,459.66,76.61,0.57,17,0
10058,2,8,494.41,61.8,0.36,8,1
10059,12,7,719.55,102.79,0.27,20,1
10060,15,6,256.93,42.82,0.32,15,0
10061,10,7,434.74,62.11,0.07,13,1
10062,53,6,428.75,71.46,0.15,8,0
10063,14,5,423.4,84.68,0.49,11,1
10064,10,8,778.54,97.32,0.57,12,1
10065,24,2,112.91,56.46,0.12,14,0
10066,5,9,745.51,82.83,0.32,15,1
10067,49,5,154.07,30.81,0.29,16,0
10068,3,6,677.57,112.93,0.43,19,1
10069,131,4,220.88,55.22,0.21,19,0
10070,45,8,732.8,91.6,0.41,13,1
10071,7,3,51.41,17.14,0.45,17,1
10072,1,6,219.27,36.54,0.27,16,1
10073,51,11,727.58,66.14,0.42,11,1
10074,37,8,857.73,107.22,0.15,15,1
10075,40,8,562.89,70.36,0.47,10,0
10076,45,11,1239.0,112.64,0.09,11,1
10077,3,2,131.6,65.8,0.47,17,0
10078,14,6,398.98,66.5,0.47,11,1
10079,4,4,110.29,27.57,0.35,13,1
10080,60,9,893.51,99.28,0.26,16,1
10081,30,8,327.45,40.93,0.18,13,0
10082,13,4,437.84,109.46,0.41,8,0
10083,2,2,221.27,110.64,0.06,12,0
10084,12,6,684.29,114.05,0.18,16,1
10085,12,4,278.5,69.62,0.37,12,1
10086,40,7,602.66,86.09,0.19,13,0
10087,31,4,386.98,96.74,0.21,10,0
10088,66,5,143.78,28.76,0.29,15,0
10089,20,6,468.6,78.1,0.28,17,1
10090,4,9,167.41,18.6,0.09,18,1
10091,38,8,537.96,67.24,0.23,20,1
10092,43,6,187.55,31.26,0.33,11,0
10093,25,5,171.03,34.21,0.43,11,0
10094,45,7,373.31,53.33,0.54,18,0
10095,21,9,543.65,60.41,0.36,19,1
10096,23,5,402.17,80.43,0.05,12,0
10097,17,4,91.26,22.82,0.68,21,0
10098,1,3,203.66,67.89,0.38,17,1
10099,4,4,136.7,34.17,0.21,16,1
10100,1,10,752.67,75.27,0.24,20,1
10101,31,6,491.56,81.93,0.35,15,1
10102,12,5,367.27,73.45,0.14,14,1
10103,22,8,740.17,92.52,0.12,12,1
10104,72,9,452.15,50.24,0.26,16,0
10105,9,5,476.68,95.34,0.69,16,1
10106,16,5,302.2,60.44,0.4,17,1
10107,43,9,592.55,65.84,0.13,17,1
10108,8,6,498.3,83.05,0.05,9,1
10109,3,6,101.57,16.93,0.12,11,0
10110,11,7,585.69,83.67,0.33,15,1
10111,6,8,639.61,79.95,0.21,20,1
10112,80,3,142.6,47.53,0.46,21,0
10113,50,2,48.02,24.01,0.14,8,0
10114,31,8,196.39,24.55,0.25,20,0
10115,62,6,671.63,111.94,0.51,12,0
10116,49,5,436.87,87.37,0.14,15,0
10117,7,5,141.73,28.35,0.18,9,0
10118,67,4,209.82,52.46,0.25,9,0
10119,24,9,694.9,77.21,0.32,20,1
10120,50,8,821.88,102.74,0.26,15,1
10121,68,2,39.17,19.58,0.06,17,0
10122,12,3,119.54,39.85,0.13,19,1
10123,4,5,542.12,108.42,0.22,16,1
10124,8,7,111.74,15.96,0.21,14,1
10125,17,5,180.73,36.15,0.49,15,1
10126,52,7,809.88,115.7,0.58,12,1
10127,60,9,714.66,79.41,0.51,8,0
10128,1,8,339.8,42.48,0.12,11,0
10129,22,6,132.2,22.03,0.53,9,1
10130,17,3,53.88,17.96,0.3,10,0
10131,8,2,81.4,40.7,0.2,19,0
10132,4,8,860.45,107.56,0.26,10,1
10133,13,5,293.35,58.67,0.35,16,1
10134,86,2,181.27,90.64,0.54,20,0
10135,12,7,779.94,111.42,0.41,17,1
10136,22,6,347.07,57.84,0.05,11,1
10137,37,9,315.76,35.08,0.58,9,0
10138,14,6,415.78,69.3,0.05,10,1
10139,108,5,551.74,110.35,0.36,10,0
10140,99,11,1094.05,99.46,0.44,21,1
10141,9,8,175.3,21.91,0.42,14,1
10142,21,5,438.6,87.72,0.09,15,1
10143,11,9,675.44,75.05,0.47,20,0
10144,11,6,661.7,110.28,0.34,18,1
10145,2,6,167.16,27.86,0.19,20,1
10146,29,6,426.44,71.07,0.15,13,1
10147,21,3,322.03,107.34,0.34,11,0
10148,2,4,232.21,58.05,0.36,13,0
10149,10,5,328.05,65.61,0.09,20,1
10150,72,10,223.98,22.4,0.37,18,0
10151,9,1,44.21,44.21,0.45,8,1
10152,5,6,294.44,49.07,0.08,20,1
10153,21,6,685.43,114.24,0.42,17,1
10154,128,6,268.08,44.68,0.46,15,0
10155,9,6,380.35,63.39,0.2,8,0
10156,34,5,427.43,85.49,0.64,12,0
10157,44,10,320.29,32.03,0.15,9,1
10158,9,7,462.54,66.08,0.21,13,1
10159,40,3,277.64,92.55,0.16,16,0
10160,14,7,742.14,106.02,0.59,12,1
10161,31,7,565.3,80.76,0.23,11,0
10162,31,7,596.75,85.25,0.21,21,1
10163,24,6,169.56,28.26,0.13,9,1
10164,3,3,342.92,114.31,0.54,19,0
10165,55,6,173.52,28.92,0.16,10,0
10166,12,4,385.36,96.34,0.17,13,1
10167,7,4,171.22,42.8,0.05,15,1
10168,2,4,452.11,113.03,0.16,21,1
10169,27,7,634.17,90.6,0.08,15,1
10170,34,7,659.05,94.15,0.25,12,1
10171,1,5,190.01,38.0,0.4,12,1
10172,22,6,369.12,61.52,0.19,17,0
10173,8,6,479.22,79.87,0.21,21,0
10174,32,8,766.78,95.85,0.11,20,0
10175,6,6,155.49,25.92,0.59,10,1
10176,36,4,464.19,116.05,0.53,14,0
10177,15,5,542.37,108.47,0.41,20,1
10178,83,8,347.09,43.39,0.39,13,0
10179,5,6,608.34,101.39,0.11,8,1
10180,13,8,555.39,69.42,0.35,11,1
10181,4,9,571.41,63.49,0.33,13,1
10182,78,8,384.12,48.02,0.36,18,0
10183,63,6,456.01,76.0,0.05,13,0
10184,9,9,824.75,91.64,0.16,18,1
10185,33,5,290.74,58.15,0.11,21,1
10186,51,7,567.48,81.07,0.16,19,0
10187,25,9,795.85,88.43,0.19,19,1
10188,23,7,627.67,89.67,0.28,10,1
10189,9,4,81.83,20.46,0.35,13,0
10190,3,9,947.46,105.27,0.52,19,1
10191,69,5,315.58,63.12,0.14,17,0
10192,70,8,340.43,42.55,0.4,13,0
10193,31,3,121.16,40.39,0.27,19,0
10194,13,11,722.88,65.72,0.05,16,1
10195,13,7,756.82,108.12,0.3,16,1
10196,39,5,273.63,54.73,0.5,9,0
10197,69,6,562.33,93.72,0.49,11,0
10198,66,7,176.16,25.17,0.22,16,0
10199,46,5,324.93,64.99,0.25,21,0
10200,31,6,714.76,119.13,0.4,20,1
10201,3,7,671.27,95.9,0.36,11,1
10202,6,4,148.42,37.1,0.3,15,1
10203,69,8,541.21,67.65,0.19,17,0
10204,28,8,316.24,39.53,0.45,19,0
10205,1,9,522.04,58.0,0.18,10,1
10206,4,5,484.54,96.91,0.44,10,1
10207,33,8,767.83,95.98,0.11,16,1
10208,1,4,155.8,38.95,0.38,18,1
10209,6,5,559.17,111.83,0.11,17,1
10210,24,5,386.1,77.22,0.43,15,0
10211,36,1,54.89,54.89,0.53,8,0
10212,32,2,135.41,67.7,0.27,17,0
10213,8,2,157.06,78.53,0.37,21,1
10214,38,8,590.31,73.79,0.5,9,1
10215,9,6,396.44,66.07,0.47,10,1
10216,12,6,408.11,68.02,0.16,21,1
10217,42,9,301.71,33.52,0.22,18,1
10218,32,4,401.35,100.34,0.56,9,1
10219,57,6,431.31,71.89,0.26,10,0
10220,33,4,115.05,28.76,0.37,15,0
10221,26,6,572.68,95.45,0.2,18,1
10222,3,2,225.81,112.9,0.28,18,0
10223,14,8,915.74,114.47,0.58,19,1
10224,10,3,161.24,53.75,0.22,21,0
10225,9,5,146.15,29.23,0.27,13,1
10226,109,7,486.02,69.43,0.24,21,0
10227,15,8,214.59,26.82,0.45,14,1
10228,67,10,1130.69,113.07,0.34,17,1
10229,30,5,171.38,34.28,0.19,20,1
10230,48,2,83.08,41.54,0.07,17,0
10231,21,5,288.48,57.7,0.29,13,1
10232,26,7,386.63,55.23,0.42,8,1
10233,21,4,393.76,98.44,0.25,18,1
10234,7,5,314.57,62.91,0.37,10,1
10235,39,3,98.79,32.93,0.27,20,0
10236,10,7,301.4,43.06,0.4,8,1
10237,1,9,616.11,68.46,0.46,19,1
10238,32,8,243.86,30.48,0.05,17,0
10239,6,3,237.67,79.22,0.22,19,1
10240,85,7,520.82,74.4,0.23,16,0
10241,93,10,900.44,90.04,0.26,20,0
10242,74,4,453.84,113.46,0.14,16,0
10243,14,9,997.08,110.79,0.33,12,1
10244,1,8,914.7,114.34,0.17,11,1
10245,80,7,284.87,40.7,0.28,19,0
10246,17,11,316.96,28.81,0.25,16,1
10247,103,6,280.43,46.74,0.12,16,0
10248,100,6,653.9,108.98,0.21,10,0
10249,58,6,702.39,117.06,0.4,12,1
10250,11,6,631.37,105.23,0.18,10,1
10251,15,5,132.76,26.55,0.34,17,1
10252,58,11,1259.28,114.48,0.28,9,1
10253,12,4,237.81,59.45,0.05,8,1
10254,6,3,47.93,15.98,0.06,19,0
10255,25,7,430.16,61.45,0.11,17,1
10256,83,5,99.19,19.84,0.1,9,0
10257,36,5,360.54,72.11,0.74,15,0
10258,26,9,454.93,50.55,0.38,18,0
10259,4,6,388.26,64.71,0.23,15,1
10260,29,5,396.91,79.38,0.24,10,1
10261,139,8,849.79,106.22,0.2,14,0
10262,5,5,422.5,84.5,0.42,14,1
10263,22,3,181.73,60.58,0.19,9,1
10264,63,3,303.12,101.04,0.24,16,0
10265,41,4,440.34,110.08,0.4,10,0
10266,36,4,110.3,27.58,0.22,9,0
10267,37,9,637.68,70.85,0.08,19,1
10268,14,7,314.12,44.87,0.55,10,1
10269,11,1,19.94,19.94,0.3,9,0
10270,50,9,766.78,85.2,0.39,15,0
10271,50,6,633.55,105.59,0.38,12,0
10272,61,5,160.52,32.1,0.43,10,0
10273,74,6,601.82,100.3,0.12,12,0
10274,22,8,836.85,104.61,0.09,18,0
10275,21,7,777.04,111.01,0.55,18,1
10276,49,4,171.42,42.86,0.32,15,1
10277,32,5,549.58,109.92,0.05,14,1
10278,37,3,146.01,48.67,0.32,13,0
10279,48,5,364.98,73.0,0.11,21,0
10280,67,2,40.61,20.3,0.17,20,0
10281,13,10,196.08,19.61,0.28,8,1
10282,15,4,362.56,90.64,0.18,17,1
10283,3,2,123.34,61.67,0.55,8,1
10284,26,6,251.46,41.91,0.08,8,0
10285,2,5,174.97,34.99,0.37,21,1
10286,19,7,597.42,85.35,0.27,17,1
10287,24,6,90.25,15.04,0.11,21,1
10288,11,9,896.57,99.62,0.45,15,1
10289,27,6,139.93,23.32,0.31,15,0
10290,1,8,280.85,35.11,0.07,21,1
10291,2,5,277.77,55.55,0.38,14,1
10292,52,2,131.82,65.91,0.18,13,0
10293,14,6,313.65,52.28,0.54,11,0
10294,5,5,243.37,48.67,0.41,8,0
10295,23,4,464.84,116.21,0.3,16,0
10296,45,3,247.1,82.37,0.27,8,0
10297,8,13,226.99,17.46,0.54,11,1
10298,30,6,361.01,60.17,0.22,10,1
10299,3,11,1175.64,106.88,0.05,14,1
10300,2,7,326.57,46.65,0.3,12,1
10301,23,2,49.86,24.93,0.36,12,0
10302,24,7,662.41,94.63,0.17,11,1
10303,31,3,235.89,78.63,0.21,8,0
10304,39,5,374.41,74.88,0.27,12,1
10305,112,6,123.75,20.62,0.05,11,0
10306,22,9,267.77,29.75,0.48,21,0
10307,12,5,401.84,80.37,0.27,17,0
10308,48,3,110.46,36.82,0.62,20,0
10309,10,2,135.85,67.92,0.47,15,1
10310,18,9,649.91,72.21,0.25,9,1
10311,3,9,402.91,44.77,0.14,15,1
10312,1,5,572.92,114.58,0.34,8,1
10313,99,2,206.92,103.46,0.46,20,0
10314,55,10,908.49,90.85,0.11,11,1
10315,36,5,115.95,23.19,0.1,10,0
10316,16,3,78.43,26.14,0.5,12,0
10317,6,5,333.71,66.74,0.35,20,1
10318,6,4,127.5,31.88,0.31,12,1
10319,9,9,1059.46,117.72,0.23,12,1
10320,24,10,316.45,31.64,0.46,19,0
10321,38,5,330.92,66.18,0.16,11,0
10322,33,5,266.16,53.23,0.15,15,1
10323,10,6,492.81,82.14,0.13,10,1
10324,93,12,342.59,28.55,0.15,19,0
10325,41,9,541.65,60.18,0.23,11,1
10326,25,7,306.91,43.84,0.79,8,0
10327,29,3,324.64,108.21,0.32,14,0
10328,17,9,173.35,19.26,0.37,8,0
10329,9,8,887.53,110.94,0.14,9,1
10330,14,7,717.25,102.46,0.36,18,1
10331,43,6,277.47,46.24,0.24,14,1
10332,1,4,391.5,97.88,0.2,8,1
10333,4,6,109.66,18.28,0.51,18,0
10334,2,4,466.08,116.52,0.42,10,0
10335,2,4,281.17,70.29,0.18,20,1
10336,59,8,374.76,46.84,0.34,13,0
10337,37,5,265.36,53.07,0.56,13,0
10338,20,5,109.86,21.97,0.62,13,1
10339,4,7,832.17,118.88,0.33,18,1
10340,21,7,133.88,19.13,0.47,20,1
10341,20,4,335.06,83.76,0.39,9,1
10342,6,5,307.44,61.49,0.28,9,0
10343,18,7,802.45,114.64,0.18,13,1
10344,16,7,285.81,40.83,0.36,17,1
10345,29,7,496.08,70.87,0.26,12,1
10346,31,7,459.53,65.65,0.37,21,0
10347,2,4,355.2,88.8,0.17,14,1
10348,15,6,132.85,22.14,0.37,14,0
10349,30,3,106.04,35.35,0.16,12,0
10350,21,6,225.18,37.53,0.12,15,0
10351,59,4,370.02,92.5,0.54,17,0
10352,33,4,139.44,34.86,0.33,13,0
10353,6,6,451.3,75.22,0.12,12,1
10354,3,12,451.21,37.6,0.28,11,1
10355,31,8,843.76,105.47,0.32,14,1
10356,1,8,911.44,113.93,0.37,11,0
10357,27,5,347.21,69.44,0.46,12,1
10358,85,2,103.98,51.99,0.31,12,0
10359,26,5,197.88,39.58,0.16,8,0
10360,15,6,121.36,20.23,0.11,8,0
10361,31,5,215.96,43.19,0.29,10,1
10362,19,5,418.47,83.69,0.39,21,1
10363,24,8,568.24,71.03,0.21,18,1
10364,86,7,798.87,114.12,0.18,10,0
10365,15,9,509.48,56.61,0.18,9,1
10366,98,5,439.28,87.86,0.19,19,0
10367,71,4,265.52,66.38,0.29,9,0
10368,7,1,68.82,68.82,0.24,13,0
10369,3,5,215.58,43.12,0.1,20,0
10370,4,2,125.54,62.77,0.51,8,1
10371,1,5,322.16,64.43,0.46,13,1
10372,3,4,356.79,89.2,0.2,12,1
10373,35,6,682.6,113.77,0.27,13,0
10374,3,7,347.05,49.58,0.12,12,1
10375,12,7,136.02,19.43,0.21,14,0
10376,56,5,335.55,67.11,0.05,8,0
10377,1,5,360.84,72.17,0.21,20,1
10378,51,6,196.12,32.69,0.36,10,0
10379,10,2,189.7,94.85,0.23,13,1
10380,4,10,1184.18,118.42,0.24,8,1
10381,36,8,914.45,114.31,0.44,20,1
10382,30,6,214.18,35.7,0.32,18,1
10383,63,5,534.57,106.91,0.16,18,0
10384,40,6,533.83,88.97,0.39,14,1
10385,49,5,313.27,62.65,0.23,11,1
10386,10,2,143.53,71.76,0.6,10,1
10387,6,4,416.83,104.21,0.25,17,0
10388,42,8,523.31,65.41,0.12,16,1
10389,50,7,379.31,54.19,0.18,8,1
10390,140,11,734.7,66.79,0.23,15,0
10391,16,5,379.04,75.81,0.48,8,1
10392,14,6,209.12,34.85,0.2,20,1
10393,45,7,767.17,109.6,0.11,21,1
10394,13,7,600.53,85.79,0.14,12,1
10395,81,9,733.44,81.49,0.07,17,1
10396,59,5,127.24,25.45,0.33,15,0
10397,17,4,313.75,78.44,0.22,13,0
10398,42,4,110.8,27.7,0.39,14,0
10399,43,10,232.63,23.26,0.41,18,1
10400,4,8,562.94,70.37,0.25,15,1
10401,70,3,171.88,57.29,0.47,20,0
10402,22,3,230.48,76.83,0.06,13,0
10403,53,5,121.84,24.37,0.39,18,0
10404,12,7,421.77,60.25,0.49,13,1
10405,68,10,333.53,33.35,0.26,18,1
10406,15,12,1423.75,118.65,0.19,13,1
10407,1,5,369.6,73.92,0.55,12,1
10408,71,8,697.45,87.18,0.14,15,0
10409,3,8,393.35,49.17,0.29,20,0
10410,12,4,99.79,24.95,0.17,9,0
10411,90,8,939.73,117.47,0.16,14,0
10412,91,6,270.34,45.06,0.1,11,0
10413,26,3,178.5,59.5,0.52,8,0
10414,30,10,832.36,83.24,0.14,20,1
10415,18,7,123.15,17.59,0.19,12,1
10416,11,4,400.31,100.08,0.37,10,1
10417,12,7,499.38,71.34,0.27,11,0
10418,34,4,176.85,44.21,0.18,14,0
10419,42,3,64.41,21.47,0.17,12,0
10420,48,9,288.56,32.06,0.27,21,1
10421,47,5,544.89,108.98,0.18,11,0
10422,3,6,522.2,87.03,0.39,8,1
10423,21,5,206.2,41.24,0.38,13,1
10424,2,4,87.55,21.89,0.3,18,1
10425,24,5,437.57,87.51,0.35,17,1
10426,18,4,300.41,75.1,0.19,13,0
10427,66,12,689.69,57.47,0.27,14,0
10428,13,7,372.25,53.18,0.18,8,1
10429,4,6,226.59,37.76,0.53,21,1
10430,5,6,511.86,85.31,0.12,11,1
10431,44,6,701.52,116.92,0.25,19,0
10432,29,4,133.8,33.45,0.29,16,0
10433,4,7,543.88,77.7,0.26,19,1
10434,3,5,297.7,59.54,0.49,21,1
10435,37,6,371.41,61.9,0.22,17,0
10436,3,4,166.74,41.68,0.28,13,1
10437,52,8,813.11,101.64,0.35,9,1
10438,37,4,263.81,65.95,0.29,11,0
10439,3,7,504.4,72.06,0.31,13,1
10440,3,8,376.0,47.0,0.17,11,1
10441,130,2,68.18,34.09,0.1,17,0
10442,15,7,168.14,24.02,0.2,14,1
10443,14,5,449.91,89.98,0.39,19,0
10444,51,3,106.81,35.6,0.29,20,0
10445,89,3,262.37,87.46,0.26,10,0
10446,129,6,335.94,55.99,0.22,13,0
10447,42,6,351.94,58.66,0.6,20,0
10448,15,4,257.05,64.26,0.57,19,1
10449,3,6,321.66,53.61,0.26,11,1
10450,46,12,306.78,25.56,0.08,10,0
10451,25,3,142.53,47.51,0.76,19,1
10452,17,7,592.84,84.69,0.82,10,1
10453,72,6,509.44,84.91,0.49,21,0
10454,4,4,180.21,45.05,0.23,9,1
10455,21,5,316.55,63.31,0.57,18,1
10456,1,11,388.43,35.31,0.44,10,1
10457,19,2,74.18,37.09,0.27,20,0
10458,2,9,156.78,17.42,0.31,19,1
10459,4,4,436.63,109.16,0.12,21,1
10460,4,6,222.75,37.12,0.46,17,1
10461,32,5,194.46,38.89,0.43,8,0
10462,42,12,532.3,44.36,0.25,10,0
10463,27,4,113.51,28.38,0.1,16,0
10464,99,5,410.61,82.12,0.17,11,0
10465,15,4,91.56,22.89,0.14,10,0
10466,11,4,116.37,29.09,0.39,15,0
10467,61,9,744.3,82.7,0.26,8,1
10468,8,2,101.33,50.66,0.45,12,1
10469,100,6,536.01,89.34,0.07,8,0
10470,1,8,588.24,73.53,0.41,14,1
10471,106,4,167.53,41.88,0.31,12,0
10472,2,8,666.7,83.34,0.39,9,1
10473,67,6,163.25,27.21,0.15,19,0
10474,23,8,570.58,71.32,0.25,21,1
10475,149,6,365.4,60.9,0.21,8,0
10476,3,8,345.01,43.13,0.46,18,1
10477,25,6,470.52,78.42,0.08,14,1
10478,105,5,532.45,106.49,0.11,19,0
10479,23,6,719.31,119.88,0.12,8,1
10480,30,12,945.78,78.82,0.11,10,1
10481,36,8,459.95,57.49,0.12,18,1
10482,19,7,270.53,38.65,0.25,13,0
10483,30,4,167.98,42.0,0.33,13,0
10484,27,1,65.34,65.34,0.09,14,0
10485,70,11,589.21,53.56,0.24,18,0
10486,2,6,665.7,110.95,0.3,21,1
10487,10,6,322.03,53.67,0.4,18,1
10488,91,4,216.85,54.21,0.05,8,0
10489,67,5,276.36,55.27,0.34,14,0
10490,19,3,308.54,102.85,0.3,9,1
10491,30,3,250.0,83.33,0.24,13,1
10492,10,8,635.9,79.49,0.17,20,1
10493,7,4,200.34,50.08,0.11,15,1
10494,19,2,201.76,100.88,0.07,20,1
10495,14,4,76.11,19.03,0.39,12,1
10496,27,8,851.47,106.43,0.09,17,0
10497,3,6,413.03,68.84,0.12,10,1
10498,110,6,340.9,56.82,0.32,18,0
10499,129,5,336.01,67.2,0.05,15,0
10500,36,6,510.47,85.08,0.27,15,0
10501,24,6,98.04,16.34,0.2,11,0
10502,12,4,426.05,106.51,0.3,15,1
10503,51,4,247.63,61.91,0.15,12,0
10504,35,7,357.08,51.01,0.23,20,1
10505,6,7,206.61,29.52,0.33,18,1
10506,73,5,305.72,61.14,0.51,12,0
10507,52,10,671.14,67.11,0.18,10,0
10508,90,7,401.68,57.38,0.17,14,0
10509,39,6,517.56,86.26,0.11,18,1
10510,29,6,355.16,59.19,0.23,21,1
10511,17,5,579.74,115.95,0.43,18,1
10512,81,11,857.17,77.92,0.36,16,1
10513,61,7,698.5,99.79,0.34,16,0
10514,2,3,79.45,26.48,0.41,8,1
10515,1,5,283.58,56.72,0.18,8,1
10516,15,4,201.48,50.37,0.05,17,1
10517,50,3,224.39,74.8,0.16,19,0
10518,131,6,632.5,105.42,0.39,19,0
10519,5,7,162.58,23.23,0.13,18,1
10520,28,6,135.72,22.62,0.41,12,0
10521,15,11,1147.12,104.28,0.25,8,1
10522,106,6,224.1,37.35,0.29,11,0
10523,56,6,511.31,85.22,0.4,19,0
10524,55,5,360.01,72.0,0.2,8,0
10525,19,5,512.27,102.45,0.57,9,1
10526,17,4,112.54,28.14,0.25,9,0
10527,10,7,200.39,28.63,0.56,11,0
10528,2,5,367.33,73.47,0.3,15,1
10529,61,3,343.11,114.37,0.17,9,0
10530,51,10,585.75,58.58,0.37,21,0
10531,246,6,295.97,49.33,0.3,16,0
10532,171,10,787.02,78.7,0.09,19,0
10533,25,6,676.18,112.7,0.5,16,0
10534,44,6,617.26,102.88,0.34,9,1
10535,87,2,239.05,119.52,0.53,8,0
10536,57,6,104.22,17.37,0.3,17,0
10537,9,9,241.65,26.85,0.15,17,1
10538,18,7,552.96,78.99,0.31,16,1
10539,5,3,303.48,101.16,0.3,9,0
10540,93,6,269.7,44.95,0.18,15,0
10541,28,6,240.7,40.12,0.2,21,1
10542,8,5,488.16,97.63,0.24,10,0
10543,34,7,146.44,20.92,0.52,8,1
10544,29,6,322.71,53.78,0.05,18,0
10545,14,7,476.77,68.11,0.22,8,1
10546,4,6,443.02,73.84,0.53,17,1
10547,34,5,457.52,91.5,0.09,9,0
10548,23,8,418.07,52.26,0.79,14,1
10549,45,6,475.99,79.33,0.4,19,0
10550,23,8,611.72,76.46,0.12,13,1
10551,58,7,507.5,72.5,0.3,19,0
10552,25,5,411.25,82.25,0.16,18,1
10553,25,9,380.18,42.24,0.15,9,0
10554,63,5,119.44,23.89,0.31,11,0
10555,16,4,110.09,27.52,0.05,9,1
10556,5,6,231.49,38.58,0.05,8,0
10557,1,11,742.73,67.52,0.32,19,1
10558,43,7,722.73,103.25,0.18,10,1
10559,30,5,443.18,88.64,0.36,11,0
10560,37,4,391.4,97.85,0.26,17,1
10561,8,4,207.41,51.85,0.16,12,0
10562,5,6,344.93,57.49,0.38,12,1
10563,1,3,169.01,56.34,0.3,14,1
10564,13,7,246.03,35.15,0.77,21,1
10565,27,3,64.28,21.43,0.19,17,1
10566,15,6,462.28,77.05,0.1,15,1
10567,18,3,356.6,118.87,0.48,16,0
10568,71,7,227.62,32.52,0.23,19,0
10569,13,4,79.61,19.9,0.11,14,0
10570,22,6,581.1,96.85,0.31,12,1
10571,46,3,124.56,41.52,0.29,16,0
10572,16,7,714.79,102.11,0.25,15,1
10573,30,7,622.39,88.91,0.36,17,1
10574,60,8,914.37,114.3,0.18,16,1
10575,90,7,405.56,57.94,0.46,17,0
10576,5,7,591.55,84.51,0.34,15,1
10577,79,5,319.05,63.81,0.1,13,0
10578,21,5,406.06,81.21,0.37,11,1
10579,9,8,497.66,62.21,0.21,16,1
10580,19,6,208.84,34.81,0.77,19,1
10581,118,6,409.98,68.33,0.18,16,0
10582,21,9,634.51,70.5,0.11,17,1
10583,12,5,500.57,100.11,0.16,17,1
10584,31,3,276.69,92.23,0.22,16,0
10585,9,4,338.79,84.7,0.23,21,1
10586,3,5,134.53,26.91,0.36,17,1
10587,5,7,634.65,90.66,0.07,10,1
10588,5,10,675.32,67.53,0.13,18,1
10589,5,4,435.52,108.88,0.27,19,1
10590,5,6,669.52,111.59,0.09,10,1
10591,31,4,83.17,20.79,0.39,18,0
10592,7,3,303.5,101.17,0.13,13,1
10593,13,5,94.79,18.96,0.18,13,1
10594,69,10,535.53,53.55,0.09,20,0
10595,20,5,359.71,71.94,0.08,20,0
10596,34,6,183.3,30.55,0.47,13,0
10597,6,9,840.27,93.36,0.23,12,1
10598,7,9,142.9,15.88,0.15,21,1
10599,2,6,196.22,32.7,0.4,12,1
10600,6,4,303.93,75.98,0.74,9,1
10601,10,10,900.11,90.01,0.22,21,1
10602,6,3,333.74,111.25,0.47,14,1
10603,3,9,801.69,89.08,0.43,19,1
10604,4,8,684.29,85.54,0.3,11,1
10605,19,7,394.84,56.41,0.24,21,1
10606,7,10,151.35,15.14,0.66,10,1
10607,14,4,110.47,27.62,0.1,15,1
10608,22,7,497.9,71.13,0.53,11,1
10609,36,8,687.11,85.89,0.22,18,1
10610,2,8,470.66,58.83,0.18,11,1
10611,49,6,550.33,91.72,0.08,15,0
10612,30,6,418.77,69.8,0.21,8,1
10613,3,2,45.58,22.79,0.09,16,0
10614,63,8,281.29,35.16,0.47,21,0
10615,77,5,516.0,103.2,0.26,14,0
10616,2,8,728.93,91.12,0.38,19,1
10617,10,6,653.7,108.95,0.22,9,1
10618,50,6,164.06,27.34,0.36,18,1
10619,42,4,475.89,118.97,0.15,19,1
10620,7,6,221.93,36.99,0.19,13,1
10621,8,6,97.42,16.24,0.13,15,0
10622,14,5,598.65,119.73,0.39,18,1
10623,20,4,178.05,44.51,0.17,12,1
10624,29,4,340.57,85.14,0.38,13,1
10625,14,6,201.31,33.55,0.05,19,1
10626,19,11,835.16,75.92,0.56,17,1
10627,42,3,329.77,109.92,0.22,15,0
10628,2,6,291.71,48.62,0.37,20,1
10629,9,4,341.51,85.38,0.05,13,1
10630,38,5,173.65,34.73,0.05,19,0
10631,68,7,564.22,80.6,0.79,16,0
10632,22,4,201.31,50.33,0.18,19,0
10633,23,5,185.88,37.18,0.53,16,0
10634,4,5,239.42,47.88,0.14,16,1
10635,18,6,202.67,33.78,0.28,13,1
10636,23,9,987.31,109.7,0.25,19,1
10637,9,6,340.23,56.71,0.14,19,1
10638,10,7,285.28,40.75,0.24,16,1
10639,15,4,248.33,62.08,0.1,10,0
10640,1,5,243.28,48.66,0.6,12,1
10641,12,6,558.98,93.16,0.27,9,1
10642,8,7,818.85,116.98,0.24,19,1
10643,12,8,487.95,60.99,0.1,20,1
10644,4,6,632.45,105.41,0.31,20,1
10645,67,3,223.25,74.42,0.09,15,0
10646,28,7,220.57,31.51,0.1,18,1
10647,35,5,437.58,87.52,0.14,20,1
10648,47,3,206.73,68.91,0.05,11,0
10649,21,5,416.57,83.31,0.09,13,1
10650,3,3,325.25,108.42,0.28,13,1
10651,24,4,244.98,61.24,0.29,12,0
10652,27,5,548.12,109.62,0.1,19,1
10653,42,8,750.56,93.82,0.35,19,0
10654,17,6,397.82,66.3,0.39,8,1
10655,5,6,470.03,78.34,0.42,18,1
10656,11,8,393.49,49.19,0.47,14,1
10657,14,10,1182.78,118.28,0.21,17,1
10658,32,8,680.57,85.07,0.17,15,1
10659,26,7,137.23,19.6,0.24,8,1
10660,14,7,345.07,49.3,0.3,17,1
10661,130,10,804.48,80.45,0.41,14,0
10662,28,3,62.74,20.91,0.06,11,0
10663,9,4,70.03,17.51,0.32,13,0
10664,4,10,622.53,62.25,0.22,16,1
10665,5,4,199.73,49.93,0.24,12,1
10666,9,9,549.19,61.02,0.23,15,1
10667,6,6,255.5,42.58,0.15,12,1
10668,7,5,161.48,32.3,0.29,9,0
10669,11,10,873.6,87.36,0.32,11,1
10670,6,3,207.09,69.03,0.31,21,1
10671,69,6,216.1,36.02,0.18,9,0
10672,3,11,534.13,48.56,0.21,14,1
10673,23,6,462.84,77.14,0.05,14,1
10674,16,5,112.92,22.58,0.14,21,1
10675,122,8,243.86,30.48,0.07,10,0
10676,4,4,90.76,22.69,0.41,21,0
10677,16,7,702.05,100.29,0.16,20,1
10678,105,4,376.01,94.0,0.29,14,0
10679,61,4,376.39,94.1,0.25,8,0
10680,51,5,451.07,90.21,0.23,8,1
10681,9,2,170.57,85.28,0.1,16,0
10682,6,3,195.25,65.08,0.19,13,0
10683,34,5,412.2,82.44,0.48,20,0
10684,80,6,114.17,19.03,0.4,21,0
10685,25,9,722.28,80.25,0.53,19,1
10686,26,8,773.42,96.68,0.56,12,1
10687,10,8,540.3,67.54,0.24,20,1
10688,45,3,157.62,52.54,0.39,13,0
10689,7,7,308.91,44.13,0.2,13,1
10690,12,9,742.45,82.49,0.27,8,1
10691,17,7,614.21,87.74,0.28,12,1
10692,22,5,532.26,106.45,0.39,16,0
10693,9,5,254.73,50.95,0.46,11,0
10694,4,5,479.13,95.83,0.25,10,1
10695,29,2,147.88,73.94,0.28,8,0
10696,11,7,753.88,107.7,0.23,21,1
10697,27,9,633.78,70.42,0.28,9,1
10698,6,8,554.81,69.35,0.26,10,1
10699,20,8,605.42,75.68,0.35,11,1
10700,23,7,655.75,93.68,0.14,14,1
10701,2,7,814.05,116.29,0.16,13,1
10702,13,5,113.62,22.72,0.44,18,1
10703,5,4,82.44,20.61,0.33,15,1
10704,2,7,794.1,113.44,0.19,21,1
10705,139,4,282.55,70.64,0.58,16,0
10706,12,11,875.21,79.56,0.05,13,1
10707,50,6,393.93,65.66,0.26,14,0
10708,9,7,173.84,24.83,0.24,11,1
10709,35,7,669.55,95.65,0.45,9,0
10710,43,5,467.29,93.46,0.2,16,1
10711,28,7,334.1,47.73,0.24,16,1
10712,20,6,282.93,47.16,0.28,11,1
10713,16,4,411.89,102.97,0.11,19,1
10714,13,3,67.79,22.6,0.3,10,1
10715,80,4,430.06,107.52,0.27,17,0
10716,54,3,125.85,41.95,0.48,21,0
10717,101,9,695.37,77.26,0.69,18,0
10718,4,8,906.24,113.28,0.48,13,1
10719,40,5,431.01,86.2,0.23,21,1
10720,84,4,234.06,58.52,0.11,21,0
10721,6,4,349.6,87.4,0.16,10,1
10722,3,7,357.83,51.12,0.18,8,1
10723,41,6,264.67,44.11,0.1,11,0
10724,26,2,239.3,119.65,0.45,8,0
10725,56,9,844.5,93.83,0.4,9,1
10726,5,10,826.96,82.7,0.25,10,1
10727,48,5,261.53,52.31,0.24,15,0
10728,7,8,161.3,20.16,0.36,17,1
10729,6,4,73.04,18.26,0.3,11,1
10730,6,8,585.51,73.19,0.21,11,1
10731,51,6,570.08,95.01,0.22,20,0
10732,33,7,499.97,71.42,0.44,17,1
10733,23,9,929.54,103.28,0.15,16,1
10734,14,3,55.53,18.51,0.44,14,0
10735,63,5,267.54,53.51,0.33,9,0
10736,15,10,398.92,39.89,0.57,10,1
10737,51,5,309.82,61.96,0.22,11,0
10738,18,5,113.0,22.6,0.1,11,0
10739,15,4,460.74,115.18,0.31,17,1
10740,19,5,192.21,38.44,0.14,15,1
10741,11,5,559.21,111.84,0.13,17,1
10742,42,7,418.03,59.72,0.54,21,0
10743,21,8,947.84,118.48,0.46,17,1
10744,8,4,292.7,73.18,0.25,13,1
10745,69,7,789.16,112.74,0.29,10,1
10746,15,9,140.05,15.56,0.28,18,1
10747,24,8,748.52,93.56,0.36,16,1
10748,72,4,439.28,109.82,0.22,17,0
10749,30,5,148.35,29.67,0.05,15,0
10750,4,7,175.65,25.09,0.08,16,1
10751,85,9,536.22,59.58,0.17,12,0
10752,30,4,452.15,113.04,0.21,10,1
10753,13,5,359.75,71.95,0.38,11,1
10754,5,4,281.53,70.38,0.48,21,1
10755,48,9,268.36,29.82,0.17,20,0
10756,30,2,30.17,15.08,0.27,19,0
10757,23,4,400.26,100.06,0.38,12,0
10758,68,8,193.56,24.2,0.17,16,0
10759,47,6,489.33,81.55,0.46,16,0
10760,5,10,1110.35,111.04,0.08,21,1
10761,12,6,221.45,36.91,0.25,10,0
10762,9,5,424.27,84.85,0.24,14,1
10763,41,6,139.58,23.26,0.37,13,0
10764,2,8,627.15,78.39,0.11,11,1
10765,26,4,128.85,32.21,0.47,12,1
10766,44,7,645.93,92.28,0.4,21,1
10767,63,8,373.03,46.63,0.25,17,0
10768,13,5,318.28,63.66,0.22,9,1
10769,52,5,389.7,77.94,0.36,18,0
10770,4,5,164.92,32.98,0.41,14,1
10771,57,4,371.49,92.87,0.43,21,0
10772,5,5,233.89,46.78,0.17,11,1
10773,16,3,253.65,84.55,0.15,9,0
10774,48,8,252.96,31.62,0.15,18,0
10775,5,7,610.77,87.25,0.45,13,1
10776,8,8,227.68,28.46,0.25,18,1
10777,39,6,357.97,59.66,0.12,19,0
10778,39,5,204.78,40.96,0.38,9,0
10779,31,6,561.48,93.58,0.4,17,1
10780,36,5,212.57,42.51,0.22,9,1
10781,24,8,860.64,107.58,0.09,14,1
10782,9,6,651.85,108.64,0.74,8,1
10783,13,7,249.38,35.63,0.24,14,0
10784,7,6,476.72,79.45,0.36,17,1
10785,72,3,72.63,24.21,0.23,12,0
10786,27,5,280.56,56.11,0.15,8,1
10787,16,5,449.49,89.9,0.33,13,0
10788,19,7,589.68,84.24,0.12,14,1
10789,89,12,967.12,80.59,0.37,8,0
10790,5,7,312.67,44.67,0.59,16,1
10791,27,9,492.23,54.69,0.2,14,1
10792,22,6,154.86,25.81,0.19,8,1
10793,29,4,361.99,90.5,0.13,10,0
10794,1,6,407.45,67.91,0.19,12,1
10795,62,2,178.84,89.42,0.22,11,0
10796,81,9,370.25,41.14,0.46,9,0
10797,25,7,343.46,49.07,0.33,8,1
10798,36,5,250.46,50.09,0.44,11,1
10799,77,8,141.62,17.7,0.2,14,0
10800,37,2,101.62,50.81,0.31,18,0
10801,5,8,794.78,99.35,0.3,11,0
10802,26,4,436.87,109.22,0.05,16,0
10803,28,10,694.13,69.41,0.05,21,1
10804,17,5,314.14,62.83,0.05,15,1
10805,41,3,54.71,18.24,0.24,15,0
10806,82,5,536.58,107.32,0.41,12,0
10807,78,7,114.56,16.37,0.15,19,0
10808,18,3,342.6,114.2,0.09,8,1
10809,4,2,132.74,66.37,0.18,16,1
10810,126,8,407.22,50.9,0.26,9,0
10811,55,8,896.34,112.04,0.14,13,1
10812,4,7,122.93,17.56,0.1,17,1
10813,77,9,684.45,76.05,0.1,21,0
10814,62,8,581.1,72.64,0.68,12,0
10815,22,6,228.17,38.03,0.08,17,0
10816,27,7,420.23,60.03,0.35,20,1
10817,16,7,584.41,83.49,0.67,15,0
10818,2,8,730.79,91.35,0.45,18,1
10819,13,7,105.53,15.08,0.1,10,1
10820,49,4,453.48,113.37,0.58,13,0
10821,1,4,129.1,32.28,0.09,13,1
10822,13,2,79.05,39.52,0.17,17,0
10823,16,6,255.99,42.66,0.22,10,0
10824,24,4,75.88,18.97,0.11,19,0
10825,76,10,279.2,27.92,0.29,19,0
10826,13,9,1067.1,118.57,0.15,19,1
10827,13,5,240.49,48.1,0.67,14,1
10828,41,3,81.32,27.11,0.21,18,0
10829,19,4,104.94,26.24,0.4,11,1
10830,8,3,271.63,90.54,0.58,12,1
10831,19,5,523.65,104.73,0.35,16,1
10832,5,5,209.9,41.98,0.66,13,1
10833,6,6,103.17,17.2,0.44,17,1
10834,21,9,345.82,38.42,0.32,20,1
10835,17,7,146.54,20.93,0.23,11,1
10836,74,4,103.43,25.86,0.07,15,0
10837,14,6,361.85,60.31,0.24,16,1
10838,27,7,273.99,39.14,0.13,17,1
10839,31,4,276.7,69.18,0.5,12,1
10840,1,9,374.55,41.62,0.13,9,1
10841,33,9,1023.81,113.76,0.28,13,1
10842,6,6,660.74,110.12,0.39,18,1
10843,98,5,372.57,74.51,0.12,19,0
10844,5,3,156.64,52.21,0.29,15,0
10845,17,7,385.14,55.02,0.18,20,1
10846,3,6,349.47,58.24,0.36,12,0
10847,174,7,639.77,91.4,0.09,8,0
10848,21,8,499.38,62.42,0.66,15,1
10849,28,4,419.83,104.96,0.31,16,0
10850,3,10,1141.3,114.13,0.59,8,1
10851,42,3,150.82,50.27,0.45,15,0
10852,8,1,73.87,73.87,0.16,17,0
10853,69,7,174.87,24.98,0.41,19,0
10854,7,5,180.25,36.05,0.54,9,1
10855,7,7,408.9,58.41,0.47,11,1
10856,2,5,183.26,36.65,0.31,20,1
10857,20,6,642.23,107.04,0.15,9,0
10858,25,3,94.86,31.62,0.38,9,0
10859,3,6,377.07,62.84,0.36,17,1
10860,45,5,392.99,78.6,0.2,10,0
10861,19,4,350.58,87.64,0.11,21,1
10862,23,6,331.33,55.22,0.32,15,1
10863,18,4,425.02,106.26,0.13,11,1
10864,16,4,298.69,74.67,0.2,14,1
10865,25,5,305.74,61.15,0.39,19,1
10866,6,9,198.54,22.06,0.13,17,1
10867,7,6,382.75,63.79,0.08,10,1
10868,60,5,505.89,101.18,0.06,17,0
10869,88,5,397.63,79.53,0.35,19,0
10870,15,5,511.89,102.38,0.36,21,1
10871,10,5,334.36,66.87,0.21,21,1
10872,31,8,219.51,27.44,0.45,20,0
10873,16,9,147.89,16.43,0.23,18,0
10874,1,8,374.7,46.84,0.24,21,1
10875,6,4,353.16,88.29,0.21,10,1
10876,38,7,685.84,97.98,0.06,9,1
10877,33,7,322.38,46.05,0.17,20,0
10878,1,5,335.22,67.04,0.06,19,1
10879,8,7,414.52,59.22,0.18,13,1
10880,8,10,581.05,58.1,0.4,13,1
10881,34,7,275.04,39.29,0.05,8,0
10882,1,5,146.59,29.32,0.18,14,1
10883,4,7,249.57,35.65,0.17,19,1
10884,49,8,166.48,20.81,0.37,21,0
10885,6,5,179.02,35.8,0.14,21,1
10886,32,4,63.86,15.96,0.43,11,1
10887,9,5,404.31,80.86,0.15,20,1
10888,4,6,289.32,48.22,0.44,18,1
10889,9,4,468.72,117.18,0.41,19,1
10890,39,6,212.04,35.34,0.27,10,1
10891,59,4,205.25,51.31,0.23,20,1
10892,54,6,315.44,52.57,0.09,20,0
10893,16,6,95.32,15.89,0.27,15,0
10894,34,6,618.7,103.12,0.44,9,1
10895,7,7,128.52,18.36,0.11,16,1
10896,11,7,796.03,113.72,0.45,20,1
10897,68,7,760.67,108.67,0.49,15,1
10898,1,6,427.38,71.23,0.14,15,1
10899,3,8,576.62,72.08,0.27,20,1
10900,7,4,334.59,83.65,0.62,10,0
10901,1,6,333.84,55.64,0.17,20,1
10902,7,8,663.67,82.96,0.42,11,1
10903,27,3,59.1,19.7,0.14,9,0
10904,17,9,186.08,20.68,0.24,9,1
10905,67,5,315.05,63.01,0.16,11,0
10906,52,3,218.13,72.71,0.23,13,0
10907,13,6,649.33,108.22,0.38,12,1
10908,10,6,155.94,25.99,0.27,8,0
10909,15,5,506.89,101.38,0.27,20,1
10910,27,7,259.38,37.05,0.14,17,1
10911,10,9,507.41,56.38,0.56,8,1
10912,30,5,241.22,48.24,0.55,13,1
10913,16,4,228.07,57.02,0.37,10,1
10914,25,7,215.61,30.8,0.67,10,1
10915,18,5,339.37,67.87,0.4,14,0
10916,11,3,297.52,99.17,0.05,20,0
10917,89,4,245.44,61.36,0.09,20,0
10918,44,2,133.03,66.52,0.18,8,0
10919,5,10,1041.21,104.12,0.38,8,1
10920,61,6,534.82,89.14,0.07,21,0
10921,21,4,265.99,66.5,0.28,20,1
10922,68,5,210.29,42.06,0.41,17,0
10923,49,4,431.67,107.92,0.19,10,0
10924,17,5,377.94,75.59,0.3,21,0
10925,1,7,267.54,38.22,0.34,15,1
10926,10,5,216.29,43.26,0.36,8,0
10927,24,3,297.99,99.33,0.22,17,0
10928,31,7,137.45,19.64,0.45,20,0
10929,9,4,476.68,119.17,0.2,11,1
10930,5,7,200.81,28.69,0.28,16,0
10931,55,3,295.76,98.59,0.26,21,0
10932,125,9,508.06,56.45,0.23,11,0
10933,23,4,266.73,66.68,0.31,17,0
10934,6,7,752.28,107.47,0.51,15,1
10935,10,5,291.78,58.36,0.06,14,1
10936,1,6,428.62,71.44,0.24,10,1
10937,74,7,141.24,20.18,0.1,14,0
10938,4,2,30.49,15.24,0.06,14,1
10939,26,6,244.22,40.7,0.16,17,0
10940,10,8,691.69,86.46,0.55,10,1
10941,25,7,194.13,27.73,0.32,9,1
10942,32,7,188.62,26.95,0.21,16,1
10943,54,8,465.21,58.15,0.17,8,0
10944,7,5,415.11,83.02,0.34,21,1
10945,1,4,359.07,89.77,0.26,14,1
10946,5,9,303.64,33.74,0.22,11,1
10947,70,5,116.78,23.36,0.08,9,0
10948,63,6,682.45,113.74,0.14,9,1
10949,28,6,254.22,42.37,0.51,15,0
10950,28,4,418.41,104.6,0.3,14,0
10951,33,10,1056.67,105.67,0.13,19,1
10952,6,9,865.03,96.11,0.33,14,1
10953,74,7,229.09,32.73,0.44,12,0
10954,17,4,405.16,101.29,0.17,21,1
10955,15,6,574.63,95.77,0.23,17,0
10956,22,6,465.94,77.66,0.25,15,0
10957,2,6,302.44,50.41,0.13,21,1
10958,6,4,170.25,42.56,0.31,9,0
10959,41,8,222.39,27.8,0.13,9,1
10960,3,4,274.1,68.53,0.07,12,1
10961,28,1,76.45,76.45,0.13,8,0
10962,9,7,369.11,52.73,0.3,13,1
10963,15,7,454.39,64.91,0.14,11,1
10964,11,5,265.85,53.17,0.24,13,1
10965,14,6,493.83,82.3,0.26,14,1
10966,39,10,1096.32,109.63,0.09,20,1
10967,11,6,193.27,32.21,0.69,10,1
10968,26,5,275.24,55.05,0.2,18,1
10969,20,4,119.16,29.79,0.42,20,1
10970,33,7,564.33,80.62,0.24,15,1
10971,83,3,274.59,91.53,0.42,14,0
10972,40,7,789.96,112.85,0.38,20,1
10973,8,7,309.97,44.28,0.26,8,1
10974,1,7,803.41,114.77,0.07,13,1
10975,10,6,129.86,21.64,0.55,14,1
10976,28,4,313.27,78.32,0.13,21,1
10977,2,5,104.99,21.0,0.09,18,1
10978,21,5,544.23,108.85,0.39,11,1
10979,28,6,423.78,70.63,0.3,21,0
10980,13,5,426.41,85.28,0.24,9,1
10981,45,5,511.58,102.32,0.17,17,1
10982,4,6,184.7,30.78,0.5,16,1
10983,3,6,114.31,19.05,0.1,14,0
10984,40,6,643.7,107.28,0.28,8,1
10985,21,8,384.54,48.07,0.09,15,1
10986,35,4,114.17,28.54,0.38,10,0
10987,18,3,192.57,64.19,0.66,11,0
10988,9,5,389.11,77.82,0.35,19,1
10989,52,5,91.26,18.25,0.14,12,0
10990,49,7,307.05,43.86,0.42,8,1
10991,36,4,73.78,18.44,0.18,13,0
10992,10,6,354.81,59.14,0.16,17,0
10993,27,6,653.91,108.98,0.24,13,1
10994,14,6,709.07,118.18,0.07,9,1
10995,3,6,491.34,81.89,0.56,18,1
10996,75,4,127.89,31.97,0.26,17,0
10997,5,11,1211.26,110.11,0.28,13,1
10998,91,6,415.24,69.21,0.52,15,0
10999,18,5,155.72,31.14,0.53,13,1
