CustomerID,Recency,Frequency,Monetary,AvgOrderValue,ItemDiversity,PurchaseHour,RepeatPurchase,add_to_cart_order,days_since_prior_order
10000,12,4,149.87,37.47,0.22,19,1,5,11
10001,8,7,505.18,72.17,0.4,19,1,3,25
10002,48,8,906.99,113.37,0.12,21,1,5,11
10003,30,5,348.49,69.7,0.28,15,0,2,5
10004,112,3,93.47,31.16,0.36,11,0,14,13
10005,43,7,382.51,54.64,0.54,15,1,10,19
10006,1,6,251.92,41.99,0.15,17,1,11,7
10007,1,3,271.26,90.42,0.38,10,1,3,16
10008,4,6,414.37,69.06,0.29,9,1,14,18
10009,24,5,538.33,107.67,0.38,11,1,3,6
10010,2,5,303.17,60.63,0.24,13,1,10,11
10011,25,6,656.33,109.39,0.17,12,1,12,7
10012,40,7,204.79,29.26,0.3,19,0,12,29
10013,11,4,344.62,86.16,0.27,10,1,9,24
10014,40,1,15.07,15.07,0.05,20,0,4,11
10015,31,2,69.24,34.62,0.38,16,1,12,21
10016,8,7,645.7,92.24,0.15,18,1,5,21
10017,5,6,115.18,19.2,0.38,8,1,7,2
10018,12,3,353.02,117.67,0.47,20,0,2,26
10019,17,6,610.72,101.79,0.26,19,1,14,0
10020,5,6,251.47,41.91,0.3,11,1,1,20
10021,27,6,198.99,33.16,0.05,8,0,6,3
10022,14,6,666.92,111.15,0.68,16,1,9,22
10023,28,5,489.15,97.83,0.63,15,1,8,13
10024,47,4,120.45,30.11,0.2,9,0,13,13
10025,57,7,589.47,84.21,0.67,16,0,7,24
10026,21,7,304.43,43.49,0.44,14,1,12,18
10027,73,4,451.57,112.89,0.29,15,0,3,28
10028,21,7,620.37,88.62,0.71,9,1,8,14
10029,58,6,245.89,40.98,0.33,9,0,12,9
10030,52,12,1294.36,107.86,0.39,20,1,12,15
10031,8,6,677.37,112.9,0.21,17,1,8,17
10032,7,5,427.11,85.42,0.23,18,1,13,24
10033,5,6,202.53,33.76,0.05,19,1,11,22
10034,49,3,323.45,107.82,0.39,21,0,9,24
10035,44,9,854.07,94.9,0.34,16,1,9,26
10036,8,5,434.12,86.82,0.6,13,1,11,14
10037,43,6,287.55,47.92,0.21,16,0,5,23
10038,41,3,242.52,80.84,0.43,19,0,14,15
10039,60,5,298.58,59.72,0.12,18,0,12,2
10040,19,4,194.91,48.73,0.39,16,0,10,6
10041,32,3,47.42,15.81,0.73,12,0,4,2
10042,12,8,780.62,97.58,0.42,11,1,1,15
10043,27,5,414.03,82.81,0.17,13,1,9,21
10044,11,9,224.91,24.99,0.27,9,1,11,16
10045,26,10,1149.89,114.99,0.41,15,1,6,7
10046,8,8,477.29,59.66,0.36,12,1,13,4
10047,47,8,451.03,56.38,0.25,18,0,3,1
10048,25,3,83.53,27.84,0.21,10,0,1,3
10049,16,10,1054.94,105.49,0.18,21,1,1,24
10050,5,6,363.45,60.58,0.37,18,1,11,29
10051,66,6,708.8,118.13,0.39,17,0,8,8
10052,39,7,356.83,50.98,0.33,19,1,3,24
10053,21,3,153.77,51.26,0.11,11,0,13,25
10054,1,5,488.25,97.65,0.38,19,1,14,3
10055,44,4,67.51,16.88,0.5,13,0,9,20
10056,25,4,398.34,99.58,0.22,21,0,14,12
10057,45,2,84.14,42.07,0.43,20,0,13,17
10058,7,2,219.31,109.66,0.31,9,1,13,9
10059,80,3,241.67,80.56,0.05,14,0,5,20
10060,46,6,675.23,112.54,0.12,15,1,4,22
10061,23,10,811.86,81.19,0.11,15,1,13,11
10062,8,8,122.46,15.31,0.41,10,1,3,22
10063,35,7,317.29,45.33,0.25,11,0,10,20
10064,70,5,199.4,39.88,0.11,21,0,2,20
10065,28,10,307.11,30.71,0.1,15,0,7,3
10066,1,4,343.36,85.84,0.27,13,1,10,11
10067,15,5,229.71,45.94,0.1,19,1,8,14
10068,23,5,504.0,100.8,0.07,20,0,6,29
10069,65,6,520.03,86.67,0.44,19,0,1,21
10070,7,5,586.92,117.38,0.16,14,1,6,21
10071,21,6,561.84,93.64,0.24,11,1,1,28
10072,107,13,1516.21,116.63,0.38,10,1,14,8
10073,23,7,343.32,49.05,0.42,21,0,1,25
10074,10,5,593.69,118.74,0.8,10,1,13,0
10075,53,5,566.22,113.24,0.51,18,0,12,1
10076,4,7,738.27,105.47,0.53,15,1,8,28
10077,17,8,478.26,59.78,0.25,19,1,2,25
10078,28,9,1009.41,112.16,0.51,10,1,12,26
10079,14,9,450.88,50.1,0.35,17,1,12,16
10080,56,7,158.45,22.64,0.15,17,0,10,6
10081,60,9,266.18,29.58,0.42,9,0,10,14
10082,79,4,176.88,44.22,0.2,14,0,8,11
10083,29,4,175.01,43.75,0.34,15,1,9,28
10084,22,5,472.58,94.52,0.1,8,1,11,20
10085,18,8,249.83,31.23,0.05,21,0,10,2
10086,33,3,207.11,69.04,0.33,19,0,8,17
10087,7,6,168.16,28.03,0.18,15,1,9,6
10088,76,7,395.37,56.48,0.25,20,0,3,6
10089,9,8,162.16,20.27,0.22,11,1,8,19
10090,45,7,286.28,40.9,0.38,21,0,4,21
10091,21,5,422.53,84.51,0.45,9,1,9,28
10092,31,7,603.66,86.24,0.26,8,0,10,2
10093,12,2,120.98,60.49,0.2,16,0,14,17
10094,35,6,357.26,59.54,0.36,17,1,13,11
10095,12,5,289.56,57.91,0.24,9,0,7,26
10096,33,4,139.71,34.93,0.46,11,0,14,14
10097,2,6,659.63,109.94,0.25,20,1,11,19
10098,12,3,55.31,18.44,0.44,15,1,7,24
10099,11,5,93.91,18.78,0.22,18,0,11,1
10100,42,6,487.4,81.23,0.32,10,0,6,13
10101,92,6,620.58,103.43,0.12,8,0,2,7
10102,44,5,80.57,16.11,0.23,8,0,7,19
10103,26,7,529.64,75.66,0.15,10,1,9,9
10104,17,6,163.14,27.19,0.73,11,1,1,18
10105,88,6,587.32,97.89,0.07,13,0,1,7
10106,38,6,411.73,68.62,0.21,13,1,12,23
10107,3,3,320.64,106.88,0.32,21,1,12,0
10108,62,4,63.78,15.94,0.13,15,0,8,14
10109,8,12,1206.55,100.55,0.23,8,1,7,17
10110,11,8,693.72,86.72,0.35,11,1,8,21
10111,24,7,592.8,84.69,0.37,16,1,6,25
10112,87,6,664.84,110.81,0.17,12,0,5,18
10113,14,5,324.33,64.87,0.49,16,0,4,15
10114,33,6,699.49,116.58,0.26,10,1,4,1
10115,26,7,109.55,15.65,0.46,16,1,10,10
10116,67,6,301.83,50.3,0.15,14,0,9,27
10117,4,5,582.56,116.51,0.75,19,1,8,16
10118,52,6,402.44,67.07,0.32,13,1,8,4
10119,24,5,298.18,59.64,0.36,9,1,2,20
10120,38,11,353.78,32.16,0.18,17,1,9,20
10121,3,8,616.55,77.07,0.34,14,1,13,25
10122,14,10,1166.53,116.65,0.6,12,1,6,7
10123,7,7,714.95,102.14,0.66,18,1,5,10
10124,23,5,417.09,83.42,0.79,19,1,13,2
10125,11,9,514.89,57.21,0.19,12,0,12,15
10126,56,2,87.53,43.76,0.18,13,0,13,15
10127,14,4,473.55,118.39,0.41,16,1,5,25
10128,61,4,201.7,50.42,0.24,19,0,8,9
10129,5,4,283.79,70.95,0.69,16,1,8,20
10130,29,4,365.82,91.46,0.24,14,0,14,9
10131,5,9,975.77,108.42,0.27,11,1,5,11
10132,31,5,538.09,107.62,0.18,9,0,3,17
10133,76,9,709.11,78.79,0.12,21,0,10,13
10134,2,3,356.26,118.75,0.22,20,1,3,4
10135,12,10,297.36,29.74,0.35,17,1,2,24
10136,17,5,79.69,15.94,0.32,20,0,11,26
10137,19,5,232.62,46.52,0.1,20,0,11,13
10138,2,5,214.05,42.81,0.15,9,1,6,10
10139,22,1,47.06,47.06,0.05,16,0,12,13
10140,20,6,251.11,41.85,0.43,21,1,13,21
10141,11,8,198.08,24.76,0.06,15,1,13,20
10142,7,3,137.23,45.74,0.31,15,1,3,17
10143,41,8,392.62,49.08,0.12,15,1,9,15
10144,37,3,248.39,82.8,0.42,8,0,5,20
10145,34,10,256.55,25.66,0.05,12,0,1,24
10146,12,3,338.16,112.72,0.23,17,1,9,4
10147,36,4,196.15,49.04,0.15,20,1,5,10
10148,10,5,264.66,52.93,0.24,15,1,7,12
10149,46,8,187.7,23.46,0.3,21,1,6,14
10150,86,6,91.22,15.2,0.34,14,0,1,15
10151,15,5,236.4,47.28,0.59,17,1,9,20
10152,2,4,255.27,63.82,0.33,16,1,2,26
10153,3,2,199.65,99.82,0.11,14,1,13,21
10154,21,4,183.86,45.96,0.23,20,0,7,2
10155,2,4,312.4,78.1,0.37,18,1,5,23
10156,8,5,342.63,68.53,0.34,17,1,10,10
10157,65,6,552.91,92.15,0.45,9,0,12,3
10158,2,4,325.75,81.44,0.09,15,0,14,6
10159,1,5,508.37,101.67,0.19,18,1,3,29
10160,44,6,541.33,90.22,0.44,15,1,5,17
10161,30,4,282.65,70.66,0.47,8,1,12,23
10162,1,7,717.41,102.49,0.34,15,1,13,12
10163,48,9,139.22,15.47,0.16,17,0,3,25
10164,11,8,623.55,77.94,0.45,18,1,9,6
10165,19,6,590.32,98.39,0.35,14,1,6,27
10166,30,5,421.83,84.37,0.2,8,1,12,13
10167,42,6,610.41,101.74,0.16,17,0,9,4
10168,40,5,85.15,17.03,0.18,17,0,14,24
10169,2,2,49.13,24.56,0.37,18,1,12,10
10170,16,7,152.08,21.73,0.31,8,1,1,17
10171,26,3,120.57,40.19,0.35,18,0,11,7
10172,35,9,463.17,51.46,0.16,16,1,12,10
10173,7,4,275.93,68.98,0.46,8,1,12,15
10174,2,11,620.31,56.39,0.2,20,1,12,26
10175,1,10,296.43,29.64,0.71,8,1,7,28
10176,16,4,243.58,60.9,0.05,19,1,14,12
10177,39,6,452.37,75.4,0.05,17,0,9,19
10178,14,7,325.25,46.46,0.66,11,1,8,18
10179,8,7,651.41,93.06,0.22,16,1,9,6
10180,53,9,493.15,54.79,0.05,8,1,6,4
10181,1,6,673.17,112.2,0.17,18,1,9,3
10182,37,4,225.74,56.44,0.34,12,1,7,12
10183,4,5,453.07,90.61,0.36,16,1,11,19
10184,55,2,113.98,56.99,0.11,13,0,11,27
10185,16,8,330.29,41.29,0.33,15,0,12,4
10186,182,5,579.74,115.95,0.07,17,0,2,27
10187,26,6,548.9,91.48,0.41,13,1,10,8
10188,24,7,219.73,31.39,0.27,16,1,3,15
10189,27,6,332.02,55.34,0.09,12,1,3,21
10190,8,3,57.23,19.08,0.35,12,0,13,15
10191,23,3,356.01,118.67,0.44,11,0,14,16
10192,81,7,322.51,46.07,0.37,10,0,10,24
10193,33,5,286.46,57.29,0.24,9,0,11,11
10194,3,5,484.52,96.9,0.45,9,1,4,18
10195,18,4,179.84,44.96,0.45,8,1,7,2
10196,31,10,1095.89,109.59,0.34,21,1,5,26
10197,3,3,308.47,102.82,0.41,20,1,5,25
10198,21,5,134.2,26.84,0.1,16,1,8,17
10199,26,5,254.38,50.88,0.05,16,0,12,3
10200,17,4,228.56,57.14,0.42,17,0,9,7
10201,17,7,602.27,86.04,0.15,14,1,14,16
10202,204,7,448.49,64.07,0.09,18,0,7,13
10203,14,7,123.3,17.61,0.61,9,0,6,14
10204,48,7,654.02,93.43,0.13,13,0,1,8
10205,5,4,137.7,34.42,0.69,14,0,8,3
10206,23,6,168.31,28.05,0.24,16,0,11,27
10207,5,8,524.16,65.52,0.21,8,1,3,7
10208,57,9,597.25,66.36,0.46,9,1,13,22
10209,5,6,473.12,78.85,0.57,13,1,2,14
10210,13,7,127.78,18.25,0.19,12,0,4,11
10211,45,4,316.78,79.19,0.5,11,1,7,26
10212,55,4,388.69,97.17,0.22,19,0,14,14
10213,23,6,529.89,88.32,0.4,15,1,5,24
10214,14,6,554.86,92.48,0.19,11,1,14,25
10215,17,8,308.08,38.51,0.17,16,1,14,3
10216,42,8,743.93,92.99,0.25,8,1,8,11
10217,44,11,1256.2,114.2,0.44,15,1,6,25
10218,16,5,304.96,60.99,0.18,10,1,10,2
10219,19,6,395.31,65.89,0.55,10,0,14,5
10220,20,5,505.06,101.01,0.16,15,1,7,3
10221,1,5,278.66,55.73,0.27,8,1,6,8
10222,21,5,479.79,95.96,0.12,8,1,8,19
10223,22,7,542.91,77.56,0.24,17,1,6,24
10224,33,6,320.75,53.46,0.44,21,0,11,2
10225,14,5,424.12,84.82,0.15,12,1,6,1
10226,32,6,649.45,108.24,0.47,11,0,10,18
10227,106,6,544.86,90.81,0.07,16,0,10,15
10228,2,5,277.01,55.4,0.25,18,1,8,8
10229,7,8,879.38,109.92,0.05,19,1,3,25
10230,25,7,812.37,116.05,0.31,8,1,1,5
10231,78,2,101.7,50.85,0.25,9,0,10,6
10232,26,6,528.83,88.14,0.43,10,1,12,7
10233,11,5,540.23,108.05,0.25,14,1,9,20
10234,5,10,728.18,72.82,0.47,10,1,8,26
10235,20,6,460.17,76.7,0.34,11,1,2,27
10236,3,5,420.12,84.02,0.2,8,1,3,24
10237,130,7,138.55,19.79,0.41,17,0,5,19
10238,5,6,410.57,68.43,0.05,15,1,7,20
10239,5,4,65.41,16.35,0.25,10,1,13,3
10240,37,7,809.75,115.68,0.16,11,1,8,24
10241,18,3,214.42,71.47,0.14,11,0,10,17
10242,127,5,349.57,69.91,0.16,17,0,13,20
10243,30,5,497.49,99.5,0.25,13,1,9,29
10244,41,8,268.93,33.62,0.26,9,0,8,26
10245,19,10,500.65,50.06,0.36,13,1,5,24
10246,34,6,663.65,110.61,0.2,16,1,2,4
10247,15,7,600.52,85.79,0.6,11,1,2,5
10248,69,6,99.26,16.54,0.12,13,0,6,8
10249,53,4,172.26,43.06,0.3,12,0,11,29
10250,4,3,211.85,70.62,0.27,18,1,8,12
10251,13,9,942.63,104.74,0.27,9,1,10,29
10252,76,8,625.12,78.14,0.15,21,0,6,4
10253,36,5,594.73,118.95,0.23,16,1,5,26
10254,23,8,441.75,55.22,0.16,14,0,8,8
10255,6,3,205.52,68.51,0.6,20,0,6,24
10256,27,7,218.65,31.24,0.1,17,1,11,10
10257,64,8,581.7,72.71,0.11,13,0,11,0
10258,71,6,442.88,73.81,0.43,11,0,14,23
10259,58,7,262.64,37.52,0.27,14,0,9,18
10260,12,5,516.42,103.28,0.05,11,1,14,0
10261,33,5,328.09,65.62,0.52,16,0,7,8
10262,58,7,767.56,109.65,0.08,8,0,3,18
10263,1,7,381.68,54.53,0.21,20,1,4,23
10264,20,7,231.97,33.14,0.27,10,1,14,14
10265,35,8,268.49,33.56,0.31,14,0,9,29
10266,59,6,205.36,34.23,0.53,13,0,2,22
10267,46,6,376.63,62.77,0.35,19,1,10,17
10268,1,2,84.38,42.19,0.42,14,1,13,4
10269,25,5,564.29,112.86,0.32,13,1,6,14
10270,47,9,782.37,86.93,0.13,14,1,8,16
10271,18,3,99.1,33.03,0.22,20,0,12,23
10272,2,6,180.4,30.07,0.25,8,1,1,3
10273,86,10,188.64,18.86,0.5,18,0,8,10
10274,19,4,96.23,24.06,0.45,14,0,9,2
10275,49,3,176.8,58.93,0.51,18,0,3,29
10276,53,2,164.41,82.2,0.07,14,0,2,3
10277,10,4,405.62,101.4,0.11,11,1,12,20
10278,21,3,324.45,108.15,0.08,16,1,9,15
10279,8,6,497.47,82.91,0.07,18,1,9,3
10280,56,7,235.97,33.71,0.27,9,0,6,29
10281,20,6,442.39,73.73,0.43,15,1,11,21
10282,108,7,444.53,63.5,0.49,21,0,12,22
10283,66,5,188.69,37.74,0.17,19,0,7,13
10284,2,6,569.45,94.91,0.34,15,0,14,28
10285,43,3,252.43,84.14,0.37,14,0,12,27
10286,59,7,574.43,82.06,0.22,8,1,10,15
10287,2,7,608.79,86.97,0.43,8,1,1,14
10288,46,6,579.13,96.52,0.05,18,0,6,25
10289,17,9,840.84,93.43,0.52,14,1,8,3
10290,21,5,391.75,78.35,0.52,11,1,4,5
10291,93,6,495.4,82.57,0.44,21,0,7,2
10292,15,4,83.25,20.81,0.44,8,1,1,26
10293,43,2,115.55,57.78,0.16,21,0,4,8
10294,48,6,271.63,45.27,0.21,8,0,4,26
10295,2,3,338.63,112.88,0.27,17,1,1,18
10296,2,5,170.53,34.11,0.32,10,0,6,8
10297,38,5,553.43,110.69,0.24,8,1,10,26
10298,17,3,275.52,91.84,0.27,16,0,2,21
10299,22,6,334.26,55.71,0.11,8,0,2,17
10300,73,7,194.02,27.72,0.52,9,0,6,2
10301,59,5,552.28,110.46,0.19,11,1,6,13
10302,66,6,623.85,103.98,0.25,13,1,9,4
10303,10,5,171.22,34.24,0.38,9,1,1,21
10304,10,4,171.4,42.85,0.09,18,1,9,14
10305,8,5,544.51,108.9,0.78,18,1,14,29
10306,33,5,469.44,93.89,0.27,14,1,11,20
10307,1,8,816.98,102.12,0.05,13,1,8,16
10308,6,6,588.47,98.08,0.44,11,1,11,29
10309,4,6,151.68,25.28,0.47,15,0,5,26
10310,33,5,143.67,28.73,0.15,19,0,10,0
10311,13,4,80.68,20.17,0.29,14,1,10,22
10312,12,5,205.61,41.12,0.53,17,1,7,18
10313,67,4,243.38,60.84,0.21,18,0,2,0
10314,18,7,684.34,97.76,0.09,16,1,2,13
10315,18,8,858.23,107.28,0.13,16,1,1,20
10316,4,6,547.31,91.22,0.4,19,1,2,29
10317,37,5,363.12,72.62,0.17,15,1,5,11
10318,64,8,770.88,96.36,0.31,11,1,4,21
10319,6,5,519.03,103.81,0.05,20,1,5,13
10320,61,7,517.04,73.86,0.16,15,0,11,25
10321,4,2,208.67,104.34,0.12,9,0,1,28
10322,9,8,576.43,72.05,0.58,9,1,4,29
10323,33,8,665.29,83.16,0.55,17,0,10,26
10324,43,3,344.12,114.71,0.2,10,0,8,15
10325,9,4,264.72,66.18,0.38,13,1,12,12
10326,4,7,173.75,24.82,0.07,10,1,9,13
10327,7,5,593.22,118.64,0.38,10,1,13,28
10328,43,6,550.72,91.79,0.17,13,0,4,3
10329,21,5,125.91,25.18,0.57,13,1,10,16
10330,14,5,351.82,70.36,0.52,11,1,5,3
10331,19,5,102.54,20.51,0.29,10,1,12,19
10332,7,6,292.62,48.77,0.28,16,1,13,22
10333,4,6,312.56,52.09,0.24,21,1,6,7
10334,6,3,304.64,101.55,0.25,13,0,5,10
10335,41,11,840.88,76.44,0.21,12,1,2,27
10336,9,4,268.69,67.17,0.35,18,1,2,1
10337,33,6,599.13,99.86,0.05,16,1,7,4
10338,35,5,141.25,28.25,0.19,15,0,1,22
10339,18,5,334.58,66.92,0.07,19,1,5,29
10340,41,4,206.22,51.56,0.05,11,0,3,27
10341,22,9,369.78,41.09,0.74,17,1,13,0
10342,2,6,701.94,116.99,0.23,14,0,10,25
10343,32,7,553.26,79.04,0.54,20,1,12,15
10344,70,4,293.25,73.31,0.17,8,0,3,18
10345,25,4,225.58,56.4,0.44,17,0,11,11
10346,23,6,396.95,66.16,0.28,10,1,7,28
10347,175,6,702.32,117.05,0.36,21,0,8,13
10348,6,3,47.03,15.68,0.17,19,0,3,16
10349,3,7,186.75,26.68,0.16,18,1,1,25
10350,10,3,207.67,69.22,0.57,15,1,10,7
10351,125,5,230.52,46.1,0.25,11,0,5,11
10352,31,9,661.05,73.45,0.33,20,1,13,3
10353,15,4,254.05,63.51,0.08,15,0,12,27
10354,3,5,287.98,57.6,0.15,11,1,7,1
10355,100,3,271.98,90.66,0.35,8,0,1,16
10356,12,4,84.87,21.22,0.33,12,1,10,26
10357,41,6,307.73,51.29,0.05,14,0,2,0
10358,29,7,189.75,27.11,0.54,8,1,11,26
10359,7,7,373.51,53.36,0.17,18,1,9,27
10360,2,5,499.33,99.87,0.14,11,1,13,6
10361,156,6,341.4,56.9,0.31,17,0,10,27
10362,52,8,537.64,67.2,0.55,18,0,13,15
10363,7,4,386.61,96.65,0.1,11,1,10,28
10364,88,3,268.45,89.48,0.1,11,0,5,12
10365,2,5,278.93,55.79,0.36,13,1,3,23
10366,60,4,166.19,41.55,0.37,17,0,13,0
10367,33,6,505.39,84.23,0.08,14,1,11,25
10368,28,6,94.25,15.71,0.06,16,1,10,21
10369,7,4,266.5,66.62,0.09,15,1,10,27
10370,14,5,316.03,63.21,0.27,15,0,4,23
10371,7,2,63.82,31.91,0.2,12,0,3,28
10372,103,4,146.26,36.56,0.38,11,0,2,7
10373,7,6,320.16,53.36,0.13,20,1,11,10
10374,1,5,242.06,48.41,0.07,17,0,5,15
10375,3,4,377.66,94.42,0.2,21,1,5,28
10376,61,7,131.32,18.76,0.31,20,0,4,22
10377,8,4,295.54,73.89,0.18,17,1,2,16
10378,20,10,917.05,91.7,0.19,19,1,14,14
10379,51,3,208.33,69.44,0.43,15,1,4,16
10380,103,2,77.43,38.72,0.05,11,0,8,18
10381,7,6,498.7,83.12,0.41,9,1,9,21
10382,23,5,438.54,87.71,0.56,13,1,7,0
10383,54,7,811.77,115.97,0.39,8,0,1,6
10384,25,3,168.47,56.16,0.3,11,0,2,29
10385,17,2,45.7,22.85,0.35,14,0,7,12
10386,32,9,685.27,76.14,0.41,14,1,5,6
10387,63,10,632.01,63.2,0.6,17,1,6,18
10388,26,6,559.24,93.21,0.31,15,1,10,19
10389,7,8,582.15,72.77,0.07,10,1,6,22
10390,37,9,430.9,47.88,0.52,19,1,7,5
10391,17,10,1089.32,108.93,0.26,9,1,2,8
10392,27,6,480.84,80.14,0.08,10,0,13,8
10393,19,6,650.75,108.46,0.27,13,1,8,18
10394,2,6,382.11,63.68,0.33,17,1,11,29
10395,20,6,644.57,107.43,0.13,14,1,12,12
10396,30,5,592.37,118.47,0.38,9,1,12,8
10397,10,6,662.35,110.39,0.19,10,1,1,1
10398,76,9,1078.82,119.87,0.34,21,1,3,2
10399,38,7,209.93,29.99,0.1,20,1,10,13
10400,53,2,94.11,47.06,0.61,20,0,8,29
10401,40,4,155.65,38.91,0.34,13,0,4,5
10402,35,5,338.96,67.79,0.4,18,0,2,3
10403,3,6,515.5,85.92,0.32,18,1,2,7
10404,68,7,717.7,102.53,0.07,21,0,4,15
10405,7,8,886.64,110.83,0.41,16,1,5,1
10406,87,5,448.28,89.66,0.21,13,0,9,2
10407,70,5,594.89,118.98,0.41,11,0,2,21
10408,7,5,160.78,32.16,0.06,17,0,11,21
10409,1,4,452.12,113.03,0.5,16,1,11,0
10410,5,1,76.71,76.71,0.3,12,0,10,8
10411,23,6,170.95,28.49,0.21,20,0,9,2
10412,72,7,170.19,24.31,0.22,19,0,1,5
10413,16,9,739.53,82.17,0.17,19,1,2,27
10414,20,8,695.19,86.9,0.4,15,1,13,26
10415,12,3,141.91,47.3,0.49,20,1,11,24
10416,40,5,128.09,25.62,0.06,19,0,4,17
10417,19,3,280.7,93.57,0.2,13,1,6,3
10418,9,8,496.25,62.03,0.09,10,0,14,28
10419,11,9,592.96,65.88,0.35,15,1,13,3
10420,8,10,990.15,99.02,0.3,15,1,7,15
10421,3,3,91.13,30.38,0.41,20,0,5,11
10422,5,4,257.95,64.49,0.15,17,1,9,1
10423,6,8,735.51,91.94,0.62,17,1,3,21
10424,5,7,787.0,112.43,0.41,12,1,2,18
10425,44,4,477.99,119.5,0.44,11,1,8,7
10426,10,7,616.56,88.08,0.47,17,1,14,8
10427,28,6,629.78,104.96,0.15,12,1,3,1
10428,12,4,383.53,95.88,0.34,13,1,8,5
10429,12,9,432.63,48.07,0.24,15,1,9,9
10430,10,4,374.67,93.67,0.19,17,1,6,26
10431,36,7,570.74,81.53,0.4,13,1,14,16
10432,16,8,303.57,37.95,0.17,11,1,10,19
10433,28,9,223.55,24.84,0.12,13,1,10,8
10434,19,2,166.52,83.26,0.52,20,0,13,28
10435,35,5,221.57,44.31,0.28,13,0,8,9
10436,17,10,1162.37,116.24,0.07,13,1,13,28
10437,28,7,262.96,37.57,0.05,16,1,12,24
10438,13,6,361.84,60.31,0.4,13,1,13,17
10439,26,8,175.59,21.95,0.1,12,0,11,21
10440,18,8,923.17,115.4,0.24,8,1,13,20
10441,37,7,544.88,77.84,0.63,12,0,7,14
10442,15,4,459.64,114.91,0.19,19,0,11,3
10443,68,4,187.49,46.87,0.19,14,0,6,23
10444,62,4,129.1,32.28,0.16,16,0,3,18
10445,71,7,786.18,112.31,0.19,18,0,9,28
10446,10,8,796.55,99.57,0.05,11,1,5,29
10447,26,10,285.77,28.58,0.52,17,1,10,20
10448,11,6,193.15,32.19,0.18,10,1,4,16
10449,12,8,683.59,85.45,0.32,18,1,7,11
10450,55,3,259.94,86.65,0.23,16,0,4,29
10451,52,5,319.43,63.89,0.64,20,0,1,15
10452,23,7,717.16,102.45,0.06,20,1,12,25
10453,20,9,966.61,107.4,0.24,9,1,7,18
10454,14,5,105.12,21.02,0.34,10,1,10,26
10455,32,7,369.93,52.85,0.45,19,0,12,5
10456,81,7,699.36,99.91,0.19,18,0,4,14
10457,17,3,81.0,27.0,0.14,20,0,13,27
10458,1,8,600.92,75.11,0.27,21,1,14,1
10459,57,6,421.62,70.27,0.25,11,0,5,1
10460,22,8,291.77,36.47,0.35,15,1,13,1
10461,18,8,804.26,100.53,0.14,18,1,10,19
10462,34,12,954.2,79.52,0.44,8,1,3,13
10463,5,8,125.65,15.71,0.25,11,1,1,0
10464,6,7,107.41,15.34,0.44,9,1,6,10
10465,5,3,244.58,81.53,0.65,15,1,14,7
10466,17,7,392.69,56.1,0.32,17,1,14,18
10467,13,9,277.17,30.8,0.2,12,0,8,8
10468,23,8,950.47,118.81,0.18,12,1,13,2
10469,1,8,263.81,32.98,0.35,17,1,13,17
10470,20,6,164.82,27.47,0.39,17,1,10,10
10471,150,8,622.05,77.76,0.59,17,0,1,7
10472,8,6,410.89,68.48,0.1,10,1,8,28
10473,14,7,562.23,80.32,0.39,14,1,14,1
10474,59,2,54.82,27.41,0.22,12,0,2,13
10475,72,7,583.89,83.41,0.08,17,1,3,29
10476,20,6,472.53,78.76,0.21,11,0,1,17
10477,74,3,119.7,39.9,0.05,14,0,11,1
10478,2,8,715.13,89.39,0.48,16,1,5,11
10479,86,6,444.53,74.09,0.06,12,0,12,15
10480,88,6,311.53,51.92,0.28,20,0,1,29
10481,26,6,688.0,114.67,0.12,11,0,6,11
10482,92,2,182.57,91.28,0.2,18,0,4,15
10483,24,4,127.99,32.0,0.05,18,0,2,2
10484,32,3,217.65,72.55,0.05,18,0,8,29
10485,20,5,77.1,15.42,0.57,18,1,7,13
10486,46,4,425.84,106.46,0.33,17,1,7,2
10487,4,6,277.52,46.25,0.2,14,1,3,24
10488,43,8,881.99,110.25,0.13,13,0,8,10
10489,34,6,130.27,21.71,0.07,20,0,7,11
10490,37,5,322.92,64.58,0.15,15,1,14,23
10491,25,10,1110.96,111.1,0.45,8,1,1,5
10492,19,11,1210.11,110.01,0.3,17,1,4,16
10493,3,8,547.4,68.42,0.23,21,1,3,0
10494,4,6,298.06,49.68,0.53,17,1,12,28
10495,19,6,704.01,117.34,0.17,10,1,2,29
10496,47,7,460.16,65.74,0.34,9,1,9,15
10497,4,4,416.5,104.12,0.05,21,1,8,25
10498,122,4,155.35,38.84,0.22,12,0,3,12
10499,22,4,392.72,98.18,0.28,16,1,10,26
10500,25,5,562.18,112.44,0.43,13,0,6,1
10501,101,9,238.32,26.48,0.25,18,0,1,9
10502,30,9,728.48,80.94,0.45,21,1,13,27
10503,23,2,34.65,17.32,0.11,12,0,9,9
10504,85,7,783.34,111.91,0.14,11,0,14,0
10505,40,2,208.37,104.18,0.41,16,0,11,27
10506,13,6,476.54,79.42,0.07,18,1,10,22
10507,131,3,109.43,36.48,0.2,8,0,10,1
10508,62,6,193.59,32.26,0.16,19,0,14,8
10509,5,7,764.9,109.27,0.31,14,1,11,12
10510,7,6,218.42,36.4,0.39,19,1,1,22
10511,50,6,230.37,38.4,0.12,16,0,4,29
10512,108,7,560.7,80.1,0.32,19,0,5,21
10513,50,8,204.8,25.6,0.28,11,0,5,14
10514,5,8,163.92,20.49,0.25,16,1,5,11
10515,43,6,320.15,53.36,0.16,18,0,12,3
10516,19,5,518.2,103.64,0.22,21,1,14,23
10517,18,5,598.09,119.62,0.24,11,1,11,21
10518,45,6,662.39,110.4,0.43,14,1,12,1
10519,26,3,129.46,43.15,0.09,19,0,4,20
10520,28,3,82.13,27.38,0.23,13,0,13,29
10521,57,3,340.43,113.48,0.49,10,0,13,29
10522,24,6,507.6,84.6,0.27,9,1,13,20
10523,56,2,237.03,118.52,0.39,15,0,11,6
10524,15,7,567.97,81.14,0.05,15,1,3,16
10525,63,4,454.84,113.71,0.13,20,0,8,12
10526,41,6,574.49,95.75,0.54,11,1,7,20
10527,72,4,420.09,105.02,0.27,10,0,12,25
10528,19,6,168.06,28.01,0.26,19,1,8,5
10529,26,6,647.12,107.85,0.09,21,0,1,7
10530,15,5,437.47,87.49,0.31,20,1,7,1
10531,43,9,352.18,39.13,0.34,10,1,3,6
10532,15,13,272.64,20.97,0.17,18,1,5,28
10533,42,5,378.43,75.69,0.09,19,1,1,14
10534,1,6,531.51,88.58,0.31,10,1,9,16
10535,45,9,666.54,74.06,0.4,9,0,5,9
10536,106,6,713.39,118.9,0.31,11,0,14,5
10537,14,3,227.43,75.81,0.37,15,1,11,18
10538,3,5,489.7,97.94,0.15,14,1,12,0
10539,31,6,204.31,34.05,0.63,16,1,13,17
10540,17,5,99.5,19.9,0.3,8,0,5,4
10541,34,4,425.65,106.41,0.13,18,0,5,5
10542,13,6,665.01,110.84,0.21,15,1,2,2
10543,8,7,304.96,43.57,0.51,15,1,4,6
10544,61,4,94.39,23.6,0.05,13,0,2,25
10545,16,5,185.85,37.17,0.26,18,0,4,20
10546,7,5,448.78,89.76,0.16,17,1,11,5
10547,10,8,219.31,27.41,0.1,20,1,4,28
10548,24,6,98.92,16.49,0.61,14,1,8,17
10549,43,9,648.67,72.07,0.29,21,1,7,14
10550,4,3,90.48,30.16,0.21,20,1,13,26
10551,8,7,720.71,102.96,0.59,20,1,6,27
10552,13,6,611.44,101.91,0.49,11,1,5,17
10553,34,5,291.02,58.2,0.49,12,0,10,26
10554,86,7,498.53,71.22,0.11,19,0,4,23
10555,24,7,120.95,17.28,0.19,16,1,8,25
10556,36,6,308.47,51.41,0.1,8,1,1,25
10557,1,9,638.99,71.0,0.15,11,1,11,6
10558,38,9,187.3,20.81,0.19,15,0,5,23
10559,63,9,298.3,33.14,0.23,18,0,11,8
10560,53,2,95.47,47.74,0.18,13,0,3,15
10561,8,4,448.14,112.04,0.17,9,0,12,4
10562,114,8,561.22,70.15,0.19,15,0,1,15
10563,70,8,725.25,90.66,0.18,14,0,5,21
10564,15,10,947.34,94.73,0.21,16,1,8,15
10565,68,10,358.8,35.88,0.32,13,0,10,4
10566,56,8,461.16,57.64,0.14,9,0,7,13
10567,42,9,1050.44,116.72,0.16,10,1,5,1
10568,28,8,878.2,109.78,0.24,13,1,5,20
10569,4,3,221.36,73.79,0.18,13,0,9,5
10570,12,6,121.81,20.3,0.05,8,0,10,11
10571,47,3,71.79,23.93,0.39,17,0,7,3
10572,23,5,567.15,113.43,0.56,19,0,12,25
10573,17,9,661.32,73.48,0.4,12,1,3,12
10574,102,4,143.95,35.99,0.34,18,0,10,28
10575,21,7,712.07,101.72,0.46,8,1,7,7
10576,11,7,472.11,67.44,0.41,12,1,14,18
10577,4,6,310.92,51.82,0.17,10,1,8,24
10578,1,6,221.53,36.92,0.29,16,1,12,24
10579,110,8,277.43,34.68,0.38,15,0,1,18
10580,2,6,566.1,94.35,0.09,11,1,7,15
10581,7,7,518.98,74.14,0.52,15,1,9,0
10582,9,7,315.16,45.02,0.09,13,1,5,24
10583,72,5,577.82,115.56,0.39,19,0,10,23
10584,58,10,1036.25,103.62,0.34,8,0,4,5
10585,34,5,511.35,102.27,0.3,8,0,12,23
10586,17,9,842.0,93.56,0.25,13,1,2,24
10587,30,8,898.1,112.26,0.11,13,1,7,13
10588,9,3,263.99,88.0,0.23,11,0,3,15
10589,4,7,448.41,64.06,0.12,12,0,13,21
10590,17,5,97.68,19.54,0.25,21,0,2,11
10591,37,6,150.19,25.03,0.26,19,0,8,17
10592,1,9,431.03,47.89,0.17,14,1,3,0
10593,25,2,65.37,32.68,0.08,19,0,10,4
10594,9,3,226.16,75.39,0.09,13,1,9,16
10595,23,8,146.35,18.29,0.27,14,1,1,10
10596,16,5,465.97,93.19,0.24,15,1,4,12
10597,41,6,556.25,92.71,0.49,11,0,12,29
10598,12,5,448.95,89.79,0.57,12,1,11,11
10599,19,7,627.9,89.7,0.21,12,1,3,6
10600,1,7,513.62,73.37,0.4,17,1,3,2
10601,69,7,498.96,71.28,0.05,17,0,7,15
10602,43,3,300.64,100.21,0.41,21,0,5,28
10603,15,5,521.15,104.23,0.32,20,1,8,9
10604,20,5,171.45,34.29,0.22,20,0,4,29
10605,16,8,717.29,89.66,0.49,10,1,7,12
10606,3,8,265.01,33.13,0.57,10,0,6,25
10607,48,9,539.98,60.0,0.22,11,1,14,21
10608,63,8,277.94,34.74,0.18,19,0,6,17
10609,27,8,681.51,85.19,0.25,17,1,2,7
10610,21,7,558.23,79.75,0.3,18,1,6,7
10611,44,6,290.12,48.35,0.59,18,0,3,3
10612,32,11,892.51,81.14,0.54,11,1,8,17
10613,53,6,265.85,44.31,0.32,19,0,9,0
10614,12,2,230.07,115.04,0.26,19,0,13,9
10615,25,8,576.49,72.06,0.3,14,1,4,3
10616,13,2,122.04,61.02,0.2,13,1,8,2
10617,12,8,178.92,22.36,0.36,16,0,8,12
10618,13,7,615.52,87.93,0.08,16,1,14,10
10619,4,7,412.53,58.93,0.38,17,1,14,21
10620,1,5,139.6,27.92,0.32,20,1,7,17
10621,25,3,224.16,74.72,0.26,21,0,5,20
10622,20,8,748.96,93.62,0.19,10,1,5,27
10623,14,4,154.1,38.52,0.07,8,1,13,13
10624,22,9,671.85,74.65,0.45,12,1,14,21
10625,18,5,557.69,111.54,0.18,11,0,2,15
10626,264,7,326.33,46.62,0.28,10,0,1,20
10627,13,5,557.83,111.57,0.15,16,1,13,7
10628,14,9,530.26,58.92,0.3,8,1,9,9
10629,7,9,193.29,21.48,0.06,8,1,9,24
10630,1,4,177.11,44.28,0.31,8,0,10,2
10631,42,4,310.58,77.64,0.2,12,0,14,7
10632,12,7,414.34,59.19,0.54,13,1,13,0
10633,26,7,352.27,50.32,0.13,17,1,8,20
10634,7,8,388.33,48.54,0.39,10,1,1,22
10635,31,3,354.08,118.03,0.05,14,1,8,16
10636,29,5,76.9,15.38,0.12,16,0,12,11
10637,19,6,267.56,44.59,0.16,13,0,6,14
10638,21,9,768.29,85.37,0.44,19,1,3,27
10639,26,5,540.88,108.18,0.51,8,1,12,1
10640,5,10,643.71,64.37,0.22,11,1,10,0
10641,225,7,277.26,39.61,0.21,19,0,3,6
10642,39,10,1087.98,108.8,0.26,19,0,5,17
10643,2,5,451.76,90.35,0.16,13,1,7,14
10644,6,4,226.75,56.69,0.37,19,1,3,11
10645,6,7,311.57,44.51,0.25,11,1,4,6
10646,54,3,120.57,40.19,0.34,14,0,2,8
10647,43,6,100.67,16.78,0.15,10,0,5,27
10648,16,7,703.39,100.48,0.34,18,1,3,19
10649,2,3,312.39,104.13,0.31,13,1,5,17
10650,10,8,477.75,59.72,0.35,18,0,2,26
10651,7,4,446.29,111.57,0.06,13,1,3,6
10652,30,6,459.54,76.59,0.29,10,1,4,24
10653,42,7,452.81,64.69,0.26,10,1,10,21
10654,26,4,208.91,52.23,0.16,12,0,6,14
10655,4,6,130.31,21.72,0.19,15,1,3,17
10656,63,4,381.12,95.28,0.34,21,0,10,8
10657,33,6,408.84,68.14,0.15,9,0,14,2
10658,53,5,446.68,89.34,0.32,21,0,9,13
10659,30,6,400.01,66.67,0.45,10,1,1,10
10660,2,9,724.31,80.48,0.11,21,1,7,5
10661,60,7,237.52,33.93,0.26,19,1,10,19
10662,48,8,699.62,87.45,0.44,16,1,8,26
10663,8,5,329.92,65.98,0.22,14,1,2,14
10664,56,4,374.58,93.64,0.08,15,0,12,25
10665,17,14,1180.94,84.35,0.19,21,1,1,13
10666,33,4,423.38,105.84,0.2,17,0,8,26
10667,47,12,1162.67,96.89,0.1,12,1,4,8
10668,19,8,924.2,115.52,0.33,15,1,8,15
10669,3,5,530.41,106.08,0.59,8,1,7,2
10670,18,11,363.61,33.06,0.33,11,1,14,29
10671,96,6,640.24,106.71,0.2,21,0,8,20
10672,113,3,343.63,114.54,0.27,20,0,11,0
10673,25,6,373.29,62.22,0.44,17,1,3,27
10674,67,2,175.53,87.76,0.23,11,0,12,21
10675,12,4,169.05,42.26,0.33,12,1,14,12
10676,13,5,254.6,50.92,0.29,18,1,10,25
10677,4,4,385.81,96.45,0.87,21,1,5,22
10678,51,6,310.06,51.68,0.14,12,0,10,12
10679,27,8,812.32,101.54,0.39,9,1,2,15
10680,70,8,158.84,19.86,0.2,13,0,7,25
10681,28,5,153.71,30.74,0.43,16,0,14,17
10682,45,5,574.87,114.97,0.35,11,1,10,1
10683,21,5,104.94,20.99,0.27,13,0,11,7
10684,39,5,399.99,80.0,0.05,11,1,8,17
10685,55,2,110.16,55.08,0.2,12,0,10,27
10686,33,3,238.9,79.63,0.34,20,1,11,2
10687,26,4,200.37,50.09,0.18,21,0,9,27
10688,21,6,345.19,57.53,0.57,11,1,3,23
10689,28,4,456.91,114.23,0.5,15,0,9,22
10690,16,8,389.39,48.67,0.41,8,0,1,4
10691,38,5,128.42,25.68,0.37,16,1,5,15
10692,6,9,1063.67,118.19,0.34,12,1,9,25
10693,16,4,428.38,107.1,0.49,13,1,10,20
10694,3,5,271.64,54.33,0.13,12,1,4,25
10695,9,8,557.92,69.74,0.15,20,1,3,15
10696,6,5,322.55,64.51,0.13,12,1,4,13
10697,1,7,464.81,66.4,0.41,13,1,13,12
10698,9,7,379.13,54.16,0.51,9,1,7,0
10699,8,7,341.68,48.81,0.19,14,1,9,8
10700,8,3,341.29,113.76,0.42,18,0,9,10
10701,5,8,655.71,81.96,0.19,19,1,9,21
10702,1,9,931.14,103.46,0.1,18,1,9,14
10703,83,4,144.17,36.04,0.37,10,0,10,14
10704,11,7,298.66,42.67,0.46,17,1,5,27
10705,75,8,321.01,40.13,0.16,20,0,1,7
10706,26,5,333.81,66.76,0.14,11,1,9,25
10707,31,6,313.98,52.33,0.08,14,0,7,20
10708,36,6,108.15,18.03,0.23,19,0,13,5
10709,1,3,225.64,75.21,0.42,19,1,8,13
10710,29,7,125.48,17.93,0.3,20,0,13,0
10711,5,5,588.91,117.78,0.09,14,1,3,7
10712,143,4,396.7,99.18,0.15,16,0,12,24
10713,15,6,466.94,77.82,0.35,16,1,13,12
10714,47,9,235.2,26.13,0.14,8,0,1,24
10715,194,4,81.77,20.44,0.42,9,0,14,4
10716,10,4,304.69,76.17,0.15,15,1,12,15
10717,138,6,697.67,116.28,0.46,18,0,6,20
10718,54,9,292.3,32.48,0.54,17,1,3,12
10719,8,3,146.79,48.93,0.62,10,0,10,2
10720,1,5,76.95,15.39,0.27,12,1,6,25
10721,28,3,198.31,66.1,0.23,18,0,5,14
10722,14,5,508.36,101.67,0.46,12,1,6,27
10723,26,8,701.17,87.65,0.18,20,0,6,27
10724,8,6,104.92,17.49,0.23,9,1,14,13
10725,21,5,538.74,107.75,0.05,20,0,8,15
10726,1,9,1032.25,114.69,0.27,20,1,7,3
10727,27,5,457.22,91.44,0.41,14,1,9,2
10728,24,8,271.22,33.9,0.05,20,0,1,29
10729,62,6,179.92,29.99,0.39,18,0,7,4
10730,4,7,327.32,46.76,0.55,9,1,8,1
10731,13,5,442.6,88.52,0.12,21,0,9,15
10732,14,5,557.44,111.49,0.3,20,1,6,19
10733,16,6,292.71,48.78,0.07,8,1,4,21
10734,6,3,245.33,81.78,0.52,17,0,7,25
10735,57,7,448.05,64.01,0.34,14,0,9,4
10736,28,4,241.81,60.45,0.65,15,0,3,20
10737,13,5,215.66,43.13,0.47,16,1,1,17
10738,31,11,478.86,43.53,0.41,10,1,9,0
10739,17,6,366.01,61.0,0.23,9,1,4,7
10740,20,8,836.18,104.52,0.31,10,1,9,8
10741,75,6,448.82,74.8,0.11,8,0,1,22
10742,43,7,119.85,17.12,0.07,16,0,7,13
10743,9,2,108.24,54.12,0.2,19,1,4,22
10744,3,8,916.7,114.59,0.06,15,1,11,26
10745,11,4,288.09,72.02,0.31,9,0,3,21
10746,30,11,332.64,30.24,0.28,13,1,14,28
10747,40,9,622.33,69.15,0.38,12,1,2,7
10748,27,5,501.19,100.24,0.4,14,1,6,3
10749,46,8,456.02,57.0,0.55,17,1,10,29
10750,28,9,634.36,70.48,0.16,16,0,4,20
10751,16,4,230.8,57.7,0.14,15,0,7,18
10752,61,5,222.46,44.49,0.22,12,0,4,12
10753,4,6,428.26,71.38,0.17,10,1,10,16
10754,9,7,787.31,112.47,0.33,20,1,1,10
10755,7,6,220.64,36.77,0.08,13,0,3,17
10756,3,8,199.47,24.93,0.31,12,1,14,21
10757,33,8,223.17,27.9,0.05,9,0,12,23
10758,5,8,161.06,20.13,0.23,13,1,5,4
10759,81,6,233.18,38.86,0.19,14,0,13,12
10760,7,5,175.93,35.19,0.66,10,0,13,1
10761,52,3,78.16,26.05,0.34,15,0,5,3
10762,20,7,366.93,52.42,0.2,9,0,3,7
10763,7,10,282.0,28.2,0.21,12,1,12,19
10764,109,7,156.09,22.3,0.47,14,0,12,5
10765,45,6,181.17,30.19,0.35,18,1,14,24
10766,38,6,356.58,59.43,0.23,16,1,1,22
10767,34,3,104.33,34.78,0.35,21,1,1,16
10768,49,4,141.42,35.35,0.48,10,1,3,1
10769,30,6,295.0,49.17,0.29,12,1,8,26
10770,16,5,171.35,34.27,0.26,16,0,2,16
10771,25,5,495.16,99.03,0.08,8,0,14,8
10772,40,11,760.21,69.11,0.12,12,1,1,26
10773,34,5,231.78,46.36,0.09,16,0,13,18
10774,42,11,924.75,84.07,0.36,9,1,1,28
10775,4,9,309.19,34.35,0.09,8,1,12,11
10776,69,5,332.43,66.49,0.11,18,0,10,20
10777,13,5,578.19,115.64,0.29,19,1,4,26
10778,31,7,619.28,88.47,0.24,16,0,3,16
10779,44,8,372.23,46.53,0.42,20,0,2,15
10780,30,8,935.54,116.94,0.09,15,1,13,28
10781,9,7,147.87,21.12,0.17,10,0,3,7
10782,3,3,116.82,38.94,0.15,14,1,6,12
10783,27,9,763.38,84.82,0.11,17,1,2,5
10784,2,6,109.54,18.26,0.22,12,1,10,17
10785,86,4,64.68,16.17,0.31,9,0,6,22
10786,21,4,102.76,25.69,0.13,12,0,12,8
10787,39,6,225.37,37.56,0.36,17,1,9,16
10788,67,9,1054.46,117.16,0.55,9,0,14,7
10789,65,5,369.02,73.8,0.43,19,0,3,4
10790,9,4,161.69,40.42,0.16,17,1,3,26
10791,11,3,289.47,96.49,0.46,16,1,13,11
10792,25,9,511.19,56.8,0.26,13,1,10,24
10793,5,8,645.77,80.72,0.25,14,1,1,14
10794,24,3,120.95,40.32,0.09,18,1,6,24
10795,34,3,214.19,71.4,0.2,18,0,4,12
10796,24,10,723.18,72.32,0.05,14,0,9,1
10797,58,8,326.97,40.87,0.21,17,0,1,23
10798,8,8,346.29,43.29,0.1,14,1,8,18
10799,18,10,1042.2,104.22,0.5,20,1,2,20
10800,11,5,433.34,86.67,0.05,15,1,8,12
10801,3,6,506.48,84.41,0.23,20,1,12,18
10802,7,5,321.52,64.3,0.24,14,1,8,22
10803,11,6,419.96,69.99,0.12,19,0,8,26
10804,13,8,854.16,106.77,0.09,13,1,5,10
10805,26,5,224.33,44.87,0.23,19,1,10,29
10806,86,4,169.04,42.26,0.13,14,0,12,6
10807,12,9,211.36,23.48,0.11,12,1,9,2
10808,41,7,390.96,55.85,0.5,16,1,4,28
10809,14,4,225.61,56.4,0.42,11,0,6,25
10810,9,3,227.42,75.81,0.24,15,0,11,26
10811,88,3,238.54,79.51,0.18,18,0,8,1
10812,28,4,416.68,104.17,0.39,19,0,11,7
10813,7,9,157.4,17.49,0.06,14,1,5,1
10814,1,3,171.62,57.21,0.31,9,1,3,26
10815,6,4,132.9,33.22,0.21,13,1,4,12
10816,62,10,368.95,36.89,0.38,12,1,2,3
10817,7,6,569.74,94.96,0.32,20,1,8,25
10818,15,3,118.48,39.49,0.25,20,1,4,5
10819,13,4,427.96,106.99,0.25,8,1,6,13
10820,47,6,181.45,30.24,0.26,13,1,13,5
10821,62,7,768.2,109.74,0.12,9,1,10,14
10822,6,9,426.32,47.37,0.22,8,0,9,24
10823,15,4,78.99,19.75,0.51,9,0,14,8
10824,35,6,690.35,115.06,0.21,8,0,3,24
10825,146,11,1032.06,93.82,0.41,20,0,12,13
10826,17,4,402.17,100.54,0.23,8,1,3,19
10827,25,9,709.95,78.88,0.18,15,1,5,18
10828,2,7,300.47,42.92,0.07,21,1,2,16
10829,33,4,397.24,99.31,0.43,16,0,4,3
10830,17,4,346.05,86.51,0.35,8,1,8,23
10831,115,5,421.5,84.3,0.25,19,0,7,19
10832,1,5,500.71,100.14,0.22,18,0,6,24
10833,11,6,124.08,20.68,0.2,13,1,13,1
10834,16,6,452.71,75.45,0.16,20,1,11,7
10835,9,7,234.17,33.45,0.39,21,1,14,14
10836,53,6,280.02,46.67,0.37,8,0,7,9
10837,29,6,611.67,101.94,0.16,9,0,14,23
10838,4,9,411.73,45.75,0.05,11,1,10,18
10839,8,5,478.82,95.76,0.15,10,1,3,14
10840,64,3,302.68,100.89,0.3,8,0,6,13
10841,46,7,658.98,94.14,0.25,21,1,11,27
10842,84,4,319.87,79.97,0.24,8,0,8,8
10843,5,7,520.09,74.3,0.75,14,1,7,12
10844,14,5,488.93,97.79,0.45,16,1,9,4
10845,25,4,379.46,94.86,0.3,21,0,3,28
10846,100,7,137.9,19.7,0.25,10,0,7,3
10847,86,9,416.02,46.22,0.14,11,0,1,11
10848,29,9,348.57,38.73,0.12,19,1,6,22
10849,30,9,435.43,48.38,0.13,15,0,12,5
10850,79,4,242.36,60.59,0.28,14,0,4,8
10851,39,8,278.12,34.76,0.18,8,1,2,3
10852,6,6,640.38,106.73,0.1,21,1,4,9
10853,12,5,477.61,95.52,0.23,11,1,5,26
10854,46,2,52.46,26.23,0.3,19,0,10,22
10855,28,4,428.1,107.02,0.16,16,1,8,16
10856,19,7,655.13,93.59,0.45,19,0,8,18
10857,24,8,163.3,20.41,0.13,21,1,8,18
10858,25,7,502.53,71.79,0.4,8,1,11,20
10859,12,4,153.98,38.49,0.52,8,0,4,2
10860,12,4,140.73,35.18,0.6,8,1,3,7
10861,16,7,692.42,98.92,0.24,18,0,13,7
10862,99,7,600.7,85.81,0.49,13,0,11,16
10863,10,6,200.17,33.36,0.73,17,1,8,1
10864,48,2,168.88,84.44,0.22,20,0,5,3
10865,2,6,383.77,63.96,0.1,21,1,7,17
10866,11,3,173.53,57.84,0.32,21,1,3,18
10867,101,4,228.13,57.03,0.05,21,0,11,27
10868,83,6,672.59,112.1,0.45,14,0,10,23
10869,18,4,399.39,99.85,0.47,11,1,2,23
10870,8,3,81.09,27.03,0.11,21,1,9,9
10871,146,8,675.15,84.39,0.12,18,0,8,6
10872,94,3,140.84,46.95,0.38,19,0,10,13
10873,10,7,171.71,24.53,0.33,11,1,6,8
10874,5,7,738.22,105.46,0.54,12,1,5,20
10875,30,11,610.54,55.5,0.24,18,1,9,15
10876,65,5,272.69,54.54,0.33,10,0,8,6
10877,51,12,548.22,45.68,0.59,10,1,3,4
10878,22,6,153.31,25.55,0.16,12,0,1,17
10879,35,9,251.4,27.93,0.22,12,1,2,11
10880,10,4,263.88,65.97,0.14,16,0,2,21
10881,4,3,345.2,115.07,0.4,13,1,12,10
10882,83,6,705.27,117.54,0.31,21,1,3,25
10883,8,4,169.9,42.48,0.4,8,0,11,19
10884,49,6,113.73,18.96,0.7,17,0,2,21
10885,16,7,555.59,79.37,0.36,10,1,5,25
10886,12,4,71.87,17.97,0.46,9,1,7,3
10887,9,7,789.98,112.85,0.35,8,1,11,24
10888,4,7,765.83,109.4,0.33,8,1,6,27
10889,13,5,457.0,91.4,0.17,11,1,5,1
10890,25,7,683.52,97.65,0.26,14,1,11,16
10891,18,3,340.99,113.66,0.23,12,1,5,12
10892,12,1,118.93,118.93,0.19,12,0,6,19
10893,5,9,968.31,107.59,0.26,21,1,11,29
10894,37,6,347.29,57.88,0.4,17,1,2,14
10895,1,9,293.63,32.63,0.1,10,1,8,5
10896,19,7,139.79,19.97,0.29,8,1,13,18
10897,8,4,346.18,86.54,0.29,10,1,11,5
10898,9,6,364.82,60.8,0.58,21,1,10,16
10899,13,6,174.29,29.05,0.09,13,1,4,26
10900,10,4,241.55,60.39,0.11,20,1,8,19
10901,21,9,340.18,37.8,0.25,19,1,9,12
10902,2,2,40.03,20.02,0.29,10,0,14,9
10903,19,7,278.54,39.79,0.05,20,1,14,24
10904,20,3,165.69,55.23,0.46,13,1,14,28
10905,62,9,673.59,74.84,0.28,21,0,9,0
10906,37,9,553.28,61.48,0.3,10,1,8,25
10907,8,3,159.43,53.14,0.47,18,1,9,17
10908,9,9,611.45,67.94,0.41,15,1,8,17
10909,3,6,684.72,114.12,0.18,19,1,2,13
10910,4,4,78.71,19.68,0.4,12,1,14,16
10911,24,9,543.75,60.42,0.27,15,1,6,29
10912,49,6,449.64,74.94,0.24,21,0,9,29
10913,54,4,205.76,51.44,0.14,18,0,6,7
10914,19,8,577.32,72.17,0.14,9,1,9,26
10915,4,6,262.48,43.75,0.41,21,1,8,25
10916,28,6,583.51,97.25,0.05,13,0,5,27
10917,1,3,250.47,83.49,0.22,21,0,2,0
10918,35,9,895.22,99.47,0.43,10,1,7,15
10919,2,7,228.93,32.7,0.08,8,1,10,2
10920,67,9,994.26,110.47,0.11,8,1,7,28
10921,14,9,605.96,67.33,0.3,15,1,1,1
10922,4,6,420.73,70.12,0.05,20,1,3,7
10923,5,7,470.6,67.23,0.34,16,1,7,25
10924,211,8,411.35,51.42,0.2,19,0,9,2
10925,53,11,622.39,56.58,0.44,20,0,7,29
10926,23,9,926.76,102.97,0.18,16,1,6,2
10927,28,5,302.85,60.57,0.19,12,1,6,27
10928,15,3,228.45,76.15,0.26,19,1,5,0
10929,35,4,282.75,70.69,0.29,16,0,5,18
10930,16,7,371.86,53.12,0.24,17,1,9,27
10931,26,6,288.39,48.06,0.53,17,0,10,5
10932,79,5,299.33,59.87,0.31,10,0,9,4
10933,5,3,328.01,109.34,0.71,15,1,11,17
10934,78,7,647.45,92.49,0.41,19,0,9,8
10935,23,2,52.08,26.04,0.14,14,0,12,14
10936,29,5,85.14,17.03,0.11,14,0,3,24
10937,29,5,484.9,96.98,0.23,12,1,10,14
10938,2,6,622.55,103.76,0.38,17,1,7,3
10939,43,6,154.32,25.72,0.15,16,0,5,2
10940,17,6,137.31,22.88,0.51,17,0,2,7
10941,123,7,599.65,85.66,0.19,20,0,6,17
10942,54,4,274.49,68.62,0.26,10,0,10,28
10943,12,7,692.83,98.98,0.27,17,1,14,20
10944,14,10,199.52,19.95,0.26,10,0,2,21
10945,1,8,395.27,49.41,0.4,10,0,10,26
10946,29,9,801.83,89.09,0.26,16,1,4,19
10947,24,5,136.95,27.39,0.12,9,0,9,19
10948,23,5,359.65,71.93,0.6,20,1,12,17
10949,38,7,575.71,82.24,0.11,11,1,14,13
10950,9,5,416.0,83.2,0.29,20,0,5,19
10951,13,10,931.27,93.13,0.32,11,1,5,13
10952,15,9,691.54,76.84,0.05,12,1,7,23
10953,123,9,200.35,22.26,0.23,19,0,6,9
10954,4,7,127.54,18.22,0.23,14,1,3,16
10955,14,8,436.83,54.6,0.43,13,1,6,20
10956,97,6,379.26,63.21,0.61,16,0,7,28
10957,11,8,290.42,36.3,0.32,12,1,10,25
10958,9,6,584.14,97.36,0.2,9,1,7,11
10959,6,8,199.33,24.92,0.13,21,1,2,10
10960,20,4,477.77,119.44,0.15,8,1,10,21
10961,10,7,429.04,61.29,0.29,13,1,10,28
10962,20,5,477.48,95.5,0.42,8,1,5,3
10963,6,3,293.82,97.94,0.26,15,0,5,25
10964,23,5,469.27,93.85,0.35,14,0,12,11
10965,90,8,894.64,111.83,0.77,18,0,2,28
10966,10,4,347.7,86.92,0.08,8,1,12,4
10967,18,10,1089.24,108.92,0.28,16,1,1,28
10968,44,8,853.56,106.7,0.34,20,1,13,12
10969,26,4,403.44,100.86,0.32,17,1,10,20
10970,15,4,319.81,79.95,0.05,20,1,11,4
10971,32,8,823.16,102.9,0.18,15,1,6,17
10972,54,4,464.76,116.19,0.23,11,0,9,6
10973,57,3,315.94,105.31,0.06,20,0,10,6
10974,2,6,532.08,88.68,0.38,20,1,7,1
10975,71,10,617.61,61.76,0.34,16,0,6,20
10976,17,7,516.45,73.78,0.19,21,1,2,29
10977,63,9,375.85,41.76,0.21,12,0,1,24
10978,5,6,436.73,72.79,0.31,11,1,5,7
10979,66,12,1433.09,119.42,0.28,10,0,1,20
10980,9,6,718.07,119.68,0.43,19,1,3,3
10981,23,3,306.09,102.03,0.21,10,1,13,0
10982,4,6,206.64,34.44,0.25,13,1,4,9
10983,36,10,438.71,43.87,0.15,21,0,1,27
10984,44,9,224.6,24.96,0.34,20,1,11,29
10985,89,5,362.55,72.51,0.64,18,0,6,13
10986,37,5,556.2,111.24,0.29,19,0,14,27
10987,4,6,468.65,78.11,0.55,17,1,11,6
10988,38,6,540.85,90.14,0.22,17,1,8,29
10989,10,12,1038.81,86.57,0.22,13,1,11,14
10990,77,7,474.97,67.85,0.62,14,0,9,2
10991,49,7,203.49,29.07,0.18,10,0,10,18
10992,7,5,224.49,44.9,0.07,11,1,10,25
10993,48,5,441.22,88.24,0.16,10,0,10,21
10994,23,3,113.8,37.93,0.08,8,0,10,21
10995,45,2,185.18,92.59,0.15,10,0,5,4
10996,34,7,815.41,116.49,0.26,19,1,12,29
10997,56,7,208.05,29.72,0.29,19,0,10,10
10998,28,6,393.74,65.62,0.23,13,1,8,4
10999,7,9,1008.88,112.1,0.12,20,1,10,9
11000,37,3,178.49,59.5,0.52,17,0,7,5
11001,57,7,316.24,45.18,0.46,14,0,5,18
11002,57,7,329.82,47.12,0.67,13,0,9,2
11003,2,4,445.66,111.42,0.16,21,0,1,14
11004,76,7,201.24,28.75,0.39,19,0,1,7
11005,17,5,198.02,39.6,0.1,9,0,10,12
11006,24,4,218.68,54.67,0.09,15,1,12,4
11007,19,5,432.27,86.45,0.23,15,0,8,1
11008,3,2,97.65,48.82,0.55,18,0,9,1
11009,1,8,882.88,110.36,0.18,13,1,1,5
11010,51,4,295.64,73.91,0.36,20,0,13,22
11011,23,6,492.49,82.08,0.66,17,0,1,11
11012,14,7,788.1,112.59,0.45,16,0,7,15
11013,17,5,359.72,71.94,0.09,17,1,2,28
11014,48,6,172.63,28.77,0.39,11,1,1,27
11015,10,5,584.78,116.96,0.38,12,1,3,12
11016,6,5,371.26,74.25,0.05,11,0,12,23
11017,16,2,143.04,71.52,0.21,13,1,14,9
11018,5,5,391.71,78.34,0.05,11,1,6,19
11019,9,8,572.6,71.58,0.09,21,1,7,20
11020,4,7,706.24,100.89,0.42,11,1,6,23
11021,136,6,350.28,58.38,0.38,17,0,6,12
11022,7,9,1065.2,118.36,0.41,9,1,6,29
11023,4,4,200.55,50.14,0.32,12,1,9,18
11024,34,9,319.47,35.5,0.05,11,0,3,16
11025,16,4,322.32,80.58,0.25,18,1,7,1
11026,1,5,455.66,91.13,0.46,17,1,5,26
11027,27,10,707.41,70.74,0.45,17,1,9,21
11028,6,8,447.71,55.96,0.21,20,1,14,27
11029,1,7,560.95,80.14,0.19,14,1,8,24
11030,21,5,151.4,30.28,0.25,19,1,3,0
11031,34,6,389.12,64.85,0.1,12,0,11,6
11032,12,6,260.62,43.44,0.36,14,1,12,26
11033,18,6,398.66,66.44,0.26,21,1,4,26
11034,15,11,1064.4,96.76,0.35,16,1,13,9
11035,3,6,510.62,85.1,0.59,17,1,6,28
11036,33,6,646.28,107.71,0.25,17,1,14,22
11037,33,8,154.75,19.34,0.22,16,0,10,17
11038,11,6,536.93,89.49,0.21,20,1,4,0
11039,24,6,399.26,66.54,0.11,13,1,10,15
11040,44,6,518.07,86.35,0.12,17,1,6,28
11041,13,7,543.6,77.66,0.25,20,1,3,0
11042,11,9,796.87,88.54,0.35,15,1,7,13
11043,24,7,747.33,106.76,0.15,18,1,3,7
11044,8,3,162.01,54.0,0.51,16,0,4,20
11045,65,4,226.27,56.57,0.24,16,0,7,24
11046,20,7,811.94,115.99,0.42,9,1,11,17
11047,69,5,215.64,43.13,0.52,16,0,7,22
11048,80,6,241.62,40.27,0.35,19,0,4,15
11049,41,6,319.37,53.23,0.15,14,1,9,0
11050,102,8,280.16,35.02,0.22,15,0,8,0
11051,14,7,779.16,111.31,0.31,8,1,14,12
11052,47,8,890.98,111.37,0.24,15,1,5,7
11053,128,5,362.17,72.43,0.66,16,0,7,4
11054,36,6,394.4,65.73,0.32,17,0,13,4
11055,16,5,499.92,99.98,0.35,10,1,6,21
11056,20,6,435.46,72.58,0.14,14,1,11,19
11057,38,7,550.83,78.69,0.36,11,1,11,22
11058,51,3,128.72,42.91,0.29,16,0,1,17
11059,45,5,183.61,36.72,0.52,10,0,11,3
11060,31,4,271.57,67.89,0.32,15,0,1,18
11061,3,9,146.04,16.23,0.3,21,1,14,6
11062,18,7,498.3,71.19,0.15,17,0,9,28
11063,79,5,354.72,70.94,0.05,8,0,4,19
11064,20,7,401.31,57.33,0.37,8,1,3,19
11065,52,7,720.36,102.91,0.05,10,0,6,24
11066,33,6,120.15,20.03,0.24,18,0,11,9
11067,27,6,549.0,91.5,0.25,9,1,10,28
11068,26,7,391.93,55.99,0.06,16,1,3,22
11069,11,6,664.67,110.78,0.38,16,1,11,13
11070,1,7,738.71,105.53,0.06,19,1,6,12
11071,24,8,245.36,30.67,0.32,9,1,5,8
11072,11,6,612.41,102.07,0.05,10,1,14,5
11073,11,4,194.67,48.67,0.14,14,0,9,5
11074,2,5,265.97,53.19,0.43,16,1,10,12
11075,11,8,913.36,114.17,0.55,10,1,3,15
11076,9,7,306.32,43.76,0.2,14,1,3,16
11077,77,8,352.02,44.0,0.18,9,0,5,6
11078,22,9,439.4,48.82,0.26,14,1,7,20
11079,1,4,266.51,66.63,0.25,14,1,3,25
11080,34,7,231.69,33.1,0.17,17,1,5,20
11081,19,7,274.3,39.19,0.23,10,1,5,15
11082,2,8,386.94,48.37,0.09,16,1,5,3
11083,73,4,366.65,91.66,0.17,21,0,12,28
11084,24,2,178.0,89.0,0.09,21,1,12,19
11085,66,3,92.84,30.95,0.2,11,0,6,5
11086,14,8,169.7,21.21,0.46,17,1,4,1
11087,59,5,212.07,42.41,0.4,14,0,7,28
11088,3,8,736.54,92.07,0.07,19,1,3,29
11089,5,6,118.6,19.77,0.17,8,1,4,2
11090,47,3,317.38,105.79,0.73,8,0,2,11
11091,11,5,398.94,79.79,0.09,12,1,6,28
11092,4,6,160.4,26.73,0.37,8,1,7,7
11093,10,9,279.18,31.02,0.48,10,1,13,9
11094,12,4,159.15,39.79,0.56,20,1,14,16
11095,26,3,185.03,61.68,0.39,16,1,14,1
11096,122,7,534.31,76.33,0.11,14,0,5,10
11097,69,10,515.55,51.55,0.28,20,1,13,5
11098,9,7,560.6,80.09,0.39,13,1,6,17
11099,8,7,322.15,46.02,0.52,17,1,1,12
11100,28,3,259.81,86.6,0.13,12,0,12,15
11101,53,4,270.71,67.68,0.14,20,1,8,28
11102,22,5,413.17,82.63,0.38,20,1,7,13
11103,20,9,766.2,85.13,0.1,15,1,8,8
11104,17,7,467.86,66.84,0.31,17,1,9,26
11105,27,5,312.77,62.55,0.56,9,0,11,26
11106,5,4,416.75,104.19,0.52,12,0,9,3
11107,4,4,110.72,27.68,0.34,11,1,5,11
11108,54,6,571.01,95.17,0.37,12,0,10,1
11109,9,3,338.69,112.9,0.19,21,1,3,10
11110,33,2,163.77,81.89,0.38,19,0,10,11
11111,6,7,229.5,32.79,0.12,20,0,12,21
11112,38,4,131.09,32.77,0.39,10,0,8,19
11113,9,2,44.81,22.4,0.49,17,0,4,11
11114,18,5,567.37,113.47,0.05,8,1,3,6
11115,12,3,307.18,102.39,0.19,14,1,12,20
11116,46,5,274.6,54.92,0.14,20,0,5,10
11117,60,5,557.43,111.49,0.24,21,0,10,6
11118,9,5,89.57,17.91,0.29,19,1,12,14
11119,9,4,398.11,99.53,0.1,8,1,8,6
11120,39,6,117.75,19.62,0.63,16,0,4,3
11121,37,5,237.0,47.4,0.12,17,1,6,14
11122,84,6,478.11,79.68,0.19,18,0,10,15
11123,22,4,428.31,107.08,0.33,10,0,10,14
11124,19,5,455.19,91.04,0.38,9,1,2,0
11125,1,9,986.84,109.65,0.25,16,1,10,0
11126,4,6,219.97,36.66,0.17,19,1,9,18
11127,80,5,152.72,30.54,0.19,12,0,6,19
11128,3,4,251.47,62.87,0.06,19,1,1,23
11129,6,5,597.06,119.41,0.23,13,1,14,26
11130,1,8,788.73,98.59,0.21,19,1,2,15
11131,102,9,414.47,46.05,0.09,9,0,7,9
11132,14,5,166.35,33.27,0.24,14,1,10,22
11133,49,4,418.94,104.74,0.27,8,0,4,18
11134,8,6,656.63,109.44,0.08,9,1,9,21
11135,17,6,508.39,84.73,0.09,16,0,8,1
11136,2,7,579.25,82.75,0.21,14,1,13,8
11137,10,5,432.88,86.58,0.47,12,1,11,13
11138,62,5,579.84,115.97,0.33,12,1,10,26
11139,19,6,513.57,85.6,0.33,12,1,4,2
11140,12,5,341.81,68.36,0.1,21,0,9,27
11141,44,5,527.1,105.42,0.15,12,0,6,4
11142,83,5,191.41,38.28,0.46,9,0,10,22
11143,21,6,133.26,22.21,0.24,14,0,6,27
11144,86,1,37.57,37.57,0.48,13,0,6,21
11145,29,6,412.62,68.77,0.41,18,1,3,23
11146,19,6,619.17,103.2,0.51,9,1,8,19
11147,25,6,265.17,44.2,0.08,15,1,1,6
11148,36,11,469.98,42.73,0.56,8,1,3,21
11149,31,7,492.4,70.34,0.29,13,0,10,5
11150,15,7,620.36,88.62,0.24,20,1,13,2
11151,163,5,548.2,109.64,0.1,11,0,7,2
11152,21,7,329.06,47.01,0.39,13,1,10,13
11153,64,4,316.06,79.02,0.38,19,0,1,7
11154,26,9,481.28,53.48,0.3,9,1,7,15
11155,5,9,479.39,53.27,0.19,15,1,1,18
11156,16,6,681.88,113.65,0.2,16,1,5,20
11157,15,6,616.83,102.8,0.43,9,1,7,28
11158,32,5,271.45,54.29,0.11,15,0,1,0
11159,25,5,454.28,90.86,0.21,19,1,10,29
11160,46,6,552.46,92.08,0.28,21,0,7,12
11161,25,7,752.43,107.49,0.11,11,1,3,3
11162,29,5,78.12,15.62,0.16,19,0,3,18
11163,19,4,426.28,106.57,0.43,19,1,12,1
11164,6,3,146.4,48.8,0.49,12,0,12,28
11165,13,6,280.4,46.73,0.81,15,1,3,0
11166,27,5,444.79,88.96,0.05,8,0,9,4
11167,27,9,722.1,80.23,0.22,19,1,7,12
11168,30,6,279.34,46.56,0.07,15,0,2,1
11169,2,3,249.03,83.01,0.26,11,1,4,9
11170,7,4,202.0,50.5,0.68,19,0,6,21
11171,10,6,241.34,40.22,0.44,20,1,4,3
11172,18,6,330.6,55.1,0.33,9,1,8,7
11173,8,5,341.84,68.37,0.29,8,1,5,22
11174,42,7,664.52,94.93,0.23,8,1,8,7
11175,21,11,230.11,20.92,0.22,18,1,13,13
11176,39,5,323.1,64.62,0.18,16,1,2,17
11177,15,6,282.19,47.03,0.47,8,1,4,3
11178,81,3,315.18,105.06,0.11,12,0,10,25
11179,23,11,476.42,43.31,0.17,13,1,5,1
11180,22,7,635.86,90.84,0.56,19,1,9,15
11181,45,7,515.37,73.62,0.14,8,1,10,20
11182,21,10,809.26,80.93,0.32,17,1,14,26
11183,34,7,737.71,105.39,0.15,20,1,5,5
11184,32,6,637.5,106.25,0.58,9,1,3,17
11185,10,7,780.85,111.55,0.09,15,1,13,2
11186,40,9,974.9,108.32,0.17,21,1,10,15
11187,25,8,772.12,96.52,0.34,17,1,8,13
11188,35,7,304.22,43.46,0.14,12,0,9,6
11189,10,5,338.01,67.6,0.36,11,0,11,29
11190,111,4,129.42,32.35,0.25,8,0,3,19
11191,6,6,663.5,110.58,0.32,18,1,1,22
11192,5,7,760.37,108.62,0.05,9,1,5,0
11193,23,5,515.43,103.09,0.27,16,1,8,18
11194,5,8,757.76,94.72,0.34,13,1,1,5
11195,26,3,147.46,49.15,0.08,21,0,11,3
11196,30,9,849.74,94.42,0.29,12,0,2,24
11197,27,7,282.73,40.39,0.34,20,0,14,18
11198,87,11,659.9,59.99,0.17,20,0,6,5
11199,23,5,98.27,19.65,0.05,11,0,3,3
