order_id,Recency,Frequency,Monetary,AvgOrderValue,ItemDiversity,PurchaseHour,reorder_status,review_score,freight_value
10000,36,5,254.11,50.82,0.16,21,1,1,28.3
10001,11,3,69.82,23.27,0.14,10,0,3,10.5
10002,8,5,383.45,76.69,0.35,8,1,1,14.08
10003,25,6,478.62,79.77,0.23,21,1,5,16.84
10004,39,9,905.29,100.59,0.47,19,1,2,26.65
10005,17,5,597.69,119.54,0.24,20,1,5,33.06
10006,119,5,90.49,18.1,0.71,20,0,4,33.41
10007,35,6,465.46,77.58,0.48,17,1,4,17.05
10008,20,6,611.87,101.98,0.58,20,0,5,30.37
10009,15,2,173.17,86.58,0.33,15,1,2,19.91
10010,13,5,155.54,31.11,0.48,10,1,3,22.35
10011,40,3,238.71,79.57,0.29,14,0,3,20.64
10012,18,6,207.44,34.57,0.16,14,0,2,34.46
10013,2,5,557.57,111.51,0.26,19,1,4,29.34
10014,16,2,234.02,117.01,0.15,9,0,5,14.47
10015,41,8,670.48,83.81,0.64,21,1,5,6.55
10016,7,4,291.16,72.79,0.37,11,1,1,32.09
10017,6,5,145.91,29.18,0.2,10,1,5,43.88
10018,23,5,485.28,97.06,0.53,18,1,5,13.16
10019,23,3,300.78,100.26,0.21,14,0,5,34.31
10020,31,5,261.72,52.34,0.21,15,1,5,41.26
10021,57,4,330.54,82.64,0.11,14,1,4,10.32
10022,39,6,228.38,38.06,0.42,15,1,2,30.19
10023,29,6,672.38,112.06,0.19,15,1,5,22.71
10024,39,4,96.47,24.12,0.35,18,0,5,34.09
10025,12,7,625.92,89.42,0.27,18,1,2,18.37
10026,14,6,558.94,93.16,0.29,13,1,5,10.84
10027,8,11,981.09,89.19,0.16,21,1,5,22.63
10028,11,5,475.83,95.17,0.24,10,1,5,21.16
10029,30,3,347.57,115.86,0.09,12,0,5,9.93
10030,3,9,531.74,59.08,0.45,17,1,1,34.45
10031,18,3,108.28,36.09,0.34,14,1,5,27.3
10032,17,1,28.62,28.62,0.26,9,0,5,25.63
10033,21,3,69.78,23.26,0.2,14,0,5,5.7
10034,17,2,126.83,63.42,0.22,11,0,5,44.98
10035,12,3,79.14,26.38,0.49,12,1,5,41.81
10036,17,5,508.59,101.72,0.47,11,1,5,27.08
10037,68,3,198.26,66.09,0.36,10,0,5,7.04
10038,87,3,304.09,101.36,0.56,19,0,5,11.42
10039,21,6,500.34,83.39,0.46,21,1,5,22.69
10040,30,7,781.91,111.7,0.56,15,1,5,32.51
10041,4,9,930.33,103.37,0.2,10,1,4,29.46
10042,12,4,176.54,44.14,0.28,8,0,4,17.27
10043,17,7,621.26,88.75,0.07,13,1,5,5.88
10044,61,7,764.96,109.28,0.12,17,1,5,36.63
10045,9,10,697.57,69.76,0.14,14,1,4,27.46
10046,20,7,650.43,92.92,0.34,15,1,5,26.7
10047,128,2,40.1,20.05,0.21,15,0,5,15.53
10048,22,6,485.46,80.91,0.51,10,1,4,12.22
10049,29,3,276.78,92.26,0.49,12,1,4,29.18
10050,4,5,367.62,73.52,0.33,20,1,5,19.53
10051,53,8,354.45,44.31,0.14,10,1,5,27.19
10052,28,6,681.68,113.61,0.33,12,1,5,36.65
10053,24,10,632.89,63.29,0.64,18,1,2,44.45
10054,13,5,366.66,73.33,0.38,17,1,4,19.49
10055,11,5,107.75,21.55,0.26,9,1,3,40.04
10056,17,7,704.04,100.58,0.22,20,1,4,24.36
10057,35,8,474.66,59.33,0.35,18,1,5,25.22
10058,63,5,249.47,49.89,0.16,14,0,5,28.38
10059,22,8,888.8,111.1,0.29,17,1,5,35.58
10060,34,3,125.5,41.83,0.39,21,0,5,39.46
10061,27,3,89.56,29.85,0.16,13,0,4,38.8
10062,30,3,193.53,64.51,0.39,18,1,5,19.47
10063,34,7,651.42,93.06,0.25,11,1,4,18.05
10064,56,7,135.73,19.39,0.33,10,0,5,26.53
10065,3,12,1086.99,90.58,0.28,11,1,3,38.39
10066,44,4,276.65,69.16,0.49,12,0,5,27.68
10067,9,4,344.29,86.07,0.56,18,1,2,19.13
10068,7,5,433.32,86.66,0.3,11,1,4,17.53
10069,26,6,287.85,47.98,0.22,21,1,5,29.03
10070,4,6,201.18,33.53,0.35,14,1,5,16.51
10071,65,6,102.96,17.16,0.33,8,0,5,39.79
10072,30,8,139.04,17.38,0.47,16,1,1,17.16
10073,39,8,851.16,106.4,0.41,19,1,4,26.62
10074,1,5,342.18,68.44,0.47,8,1,5,5.36
10075,28,8,393.98,49.25,0.17,16,1,3,20.58
10076,25,6,664.67,110.78,0.4,15,1,5,19.02
10077,6,7,786.32,112.33,0.09,20,1,5,25.27
10078,5,3,214.11,71.37,0.21,12,1,5,41.92
10079,36,6,437.08,72.85,0.1,12,1,4,23.7
10080,12,7,570.56,81.51,0.21,8,1,5,19.25
10081,36,6,529.76,88.29,0.12,11,1,5,22.67
10082,25,10,501.26,50.13,0.2,14,1,4,32.69
10083,15,2,185.58,92.79,0.16,20,1,4,8.42
10084,78,4,68.23,17.06,0.32,19,0,4,42.93
10085,56,6,599.7,99.95,0.4,12,1,3,39.44
10086,14,6,515.8,85.97,0.23,16,1,5,15.48
10087,2,5,531.79,106.36,0.44,18,1,4,24.89
10088,11,7,561.24,80.18,0.15,9,1,3,44.44
10089,16,5,389.73,77.95,0.47,15,0,3,36.62
10090,37,5,196.64,39.33,0.13,10,1,5,25.79
10091,162,6,352.42,58.74,0.11,21,0,3,36.33
10092,14,6,583.36,97.23,0.18,10,0,4,7.24
10093,44,10,683.62,68.36,0.43,12,1,5,36.69
10094,27,7,650.5,92.93,0.19,13,1,1,42.75
10095,36,5,589.77,117.95,0.31,12,1,1,21.99
10096,5,9,564.5,62.72,0.13,15,0,5,20.78
10097,16,4,147.02,36.76,0.2,9,1,5,9.86
10098,9,3,184.94,61.65,0.15,11,1,5,19.66
10099,13,5,251.79,50.36,0.31,9,0,3,16.56
10100,22,7,260.56,37.22,0.05,9,1,4,11.39
10101,33,8,951.09,118.89,0.08,17,1,4,31.07
10102,4,7,437.27,62.47,0.17,17,1,3,42.4
10103,5,5,589.79,117.96,0.18,19,1,4,30.74
10104,12,6,537.03,89.5,0.12,15,1,2,43.04
10105,33,8,440.63,55.08,0.08,15,0,3,30.73
10106,57,5,75.16,15.03,0.27,14,0,5,15.19
10107,25,10,563.86,56.39,0.09,18,1,5,19.84
10108,58,2,95.39,47.7,0.31,9,0,5,27.18
10109,15,7,442.16,63.17,0.48,16,0,4,18.74
10110,12,7,524.05,74.86,0.34,18,1,5,15.38
10111,14,7,566.41,80.92,0.21,21,1,3,37.43
10112,6,8,231.02,28.88,0.29,20,1,4,38.32
10113,54,7,560.09,80.01,0.4,17,0,5,19.57
10114,13,10,721.4,72.14,0.41,15,1,1,13.3
10115,25,5,141.46,28.29,0.11,21,0,5,17.56
10116,26,10,365.07,36.51,0.19,19,1,5,15.34
10117,23,3,212.28,70.76,0.33,14,0,1,20.58
10118,1,3,253.1,84.37,0.1,10,1,4,34.78
10119,134,5,163.93,32.79,0.38,20,0,4,26.89
10120,71,5,423.23,84.65,0.22,20,0,5,13.53
10121,7,5,239.54,47.91,0.14,17,1,5,11.95
10122,11,9,918.92,102.1,0.3,17,1,5,21.65
10123,23,4,223.15,55.79,0.05,18,1,5,38.04
10124,70,7,703.22,100.46,0.27,13,0,3,33.45
10125,124,6,237.74,39.62,0.3,9,0,5,28.68
10126,9,2,185.06,92.53,0.46,10,1,4,26.73
10127,25,8,568.99,71.12,0.05,17,1,5,15.88
10128,50,4,331.15,82.79,0.26,14,0,4,5.13
10129,16,12,752.58,62.72,0.34,13,1,5,23.68
10130,40,6,710.93,118.49,0.41,20,1,5,8.17
10131,6,8,703.8,87.98,0.28,12,1,5,43.02
10132,28,3,167.44,55.81,0.14,9,1,5,20.21
10133,61,3,278.35,92.78,0.36,10,0,5,39.02
10134,124,6,553.12,92.19,0.2,12,0,4,38.19
10135,3,6,167.2,27.87,0.64,18,0,5,40.19
10136,17,6,235.85,39.31,0.26,9,1,5,8.33
10137,7,2,179.33,89.66,0.28,18,1,4,29.05
10138,18,7,375.25,53.61,0.27,21,1,5,24.35
10139,24,7,403.88,57.7,0.14,12,1,1,36.89
10140,3,8,536.91,67.11,0.72,19,1,4,10.96
10141,11,3,290.25,96.75,0.39,12,1,5,44.3
10142,79,5,319.02,63.8,0.29,11,0,5,36.28
10143,26,4,176.69,44.17,0.33,10,1,5,24.72
10144,19,9,777.0,86.33,0.17,9,1,5,37.42
10145,43,11,1163.38,105.76,0.05,9,1,4,43.19
10146,41,8,558.06,69.76,0.27,19,1,5,21.88
10147,2,5,442.92,88.58,0.36,11,1,4,38.42
10148,38,9,923.87,102.65,0.37,17,1,4,39.77
10149,55,9,284.15,31.57,0.25,10,0,2,23.96
10150,6,4,311.77,77.94,0.09,12,1,1,39.82
10151,46,4,366.68,91.67,0.14,14,0,5,17.87
10152,11,5,140.62,28.12,0.58,14,1,4,26.53
10153,11,9,565.03,62.78,0.4,20,1,5,31.54
10154,33,3,100.91,33.64,0.48,17,0,4,15.71
10155,4,3,190.92,63.64,0.17,17,0,4,41.35
10156,33,8,126.73,15.84,0.11,12,1,2,28.64
10157,66,6,556.19,92.7,0.1,11,0,4,25.35
10158,36,2,202.34,101.17,0.11,21,0,5,42.68
10159,18,10,1019.46,101.95,0.1,8,1,5,27.7
10160,18,13,1296.82,99.76,0.3,11,1,4,24.63
10161,44,6,124.96,20.83,0.29,16,1,5,32.0
10162,26,6,273.36,45.56,0.05,10,0,5,14.36
10163,3,7,281.05,40.15,0.38,17,1,3,40.18
10164,27,5,326.25,65.25,0.24,17,0,4,28.08
10165,51,6,669.37,111.56,0.16,20,1,5,29.38
10166,13,6,207.62,34.6,0.39,18,1,5,19.35
10167,79,3,293.02,97.67,0.48,11,0,4,26.47
10168,42,4,209.16,52.29,0.18,16,0,5,25.46
10169,26,6,158.88,26.48,0.61,19,0,4,6.7
10170,42,10,524.87,52.49,0.2,11,1,1,19.51
10171,3,3,110.48,36.83,0.22,15,1,5,22.25
10172,59,8,290.71,36.34,0.33,20,0,5,35.75
10173,52,7,830.47,118.64,0.46,8,1,5,43.87
10174,73,8,371.27,46.41,0.3,8,0,5,27.32
10175,5,6,593.69,98.95,0.25,21,1,5,40.14
10176,3,3,47.23,15.74,0.15,16,1,5,27.68
10177,5,8,175.13,21.89,0.41,18,1,5,36.07
10178,16,4,316.7,79.18,0.17,15,1,3,36.75
10179,17,8,694.99,86.87,0.26,20,1,3,14.74
10180,25,6,495.61,82.6,0.26,15,0,4,25.54
10181,4,7,745.64,106.52,0.06,15,1,5,33.54
10182,7,6,232.42,38.74,0.49,21,1,5,39.82
10183,51,6,292.69,48.78,0.05,11,0,2,38.75
10184,19,2,148.21,74.1,0.23,20,1,3,41.62
10185,50,4,122.18,30.54,0.36,21,1,4,38.4
10186,1,4,279.11,69.78,0.18,18,1,3,43.39
10187,25,4,316.06,79.02,0.22,13,0,4,11.82
10188,81,4,258.21,64.55,0.2,9,0,4,14.09
10189,27,4,388.22,97.06,0.22,13,0,4,32.17
10190,7,6,605.06,100.84,0.11,9,1,4,34.2
10191,38,6,259.98,43.33,0.51,8,0,5,34.48
10192,15,8,343.32,42.92,0.15,10,1,4,36.36
10193,34,6,155.03,25.84,0.77,18,0,5,22.26
10194,1,6,713.03,118.84,0.58,17,1,5,14.08
10195,31,8,270.52,33.82,0.51,20,1,5,15.76
10196,1,5,142.06,28.41,0.29,12,1,1,18.46
10197,41,5,355.2,71.04,0.48,18,1,4,27.85
10198,20,9,901.37,100.15,0.37,17,1,3,39.35
10199,4,6,146.69,24.45,0.31,20,1,5,16.31
10200,24,2,85.91,42.96,0.05,16,1,5,9.68
10201,3,9,1013.96,112.66,0.61,13,1,5,14.85
10202,32,9,617.9,68.66,0.17,15,1,4,39.6
10203,167,4,132.78,33.2,0.12,19,0,5,41.74
10204,45,9,342.71,38.08,0.32,17,1,1,20.12
10205,26,4,373.95,93.49,0.17,15,1,5,32.68
10206,4,5,315.32,63.06,0.29,20,1,2,33.08
10207,37,7,529.12,75.59,0.3,15,1,4,11.05
10208,33,5,448.8,89.76,0.2,11,1,5,28.27
10209,2,6,206.59,34.43,0.33,10,1,5,30.13
10210,48,3,306.35,102.12,0.44,21,0,5,13.9
10211,22,5,96.12,19.22,0.25,15,0,5,25.63
10212,17,4,124.05,31.01,0.29,11,1,2,28.06
10213,47,6,657.37,109.56,0.37,14,0,5,44.05
10214,16,7,182.18,26.03,0.51,10,0,5,37.7
10215,20,7,491.05,70.15,0.4,11,1,4,22.92
10216,7,2,78.67,39.34,0.75,20,1,4,44.3
10217,12,6,508.36,84.73,0.23,15,1,4,9.77
10218,57,4,434.28,108.57,0.51,10,0,5,29.9
10219,7,4,416.13,104.03,0.33,10,1,4,44.75
10220,17,6,564.53,94.09,0.09,13,1,3,38.98
10221,136,3,251.7,83.9,0.28,20,0,5,27.47
10222,9,11,1279.35,116.3,0.06,13,1,4,34.94
10223,75,6,204.69,34.12,0.43,10,0,1,37.89
10224,76,3,242.41,80.8,0.1,20,0,5,32.41
10225,3,6,674.11,112.35,0.1,8,1,5,32.53
10226,19,5,182.39,36.48,0.17,18,0,5,30.16
10227,21,7,320.75,45.82,0.18,14,1,5,8.73
10228,12,7,668.87,95.55,0.33,17,1,5,18.24
10229,2,4,379.88,94.97,0.13,14,1,5,23.65
10230,9,5,415.78,83.16,0.27,16,1,4,18.95
10231,4,8,178.62,22.33,0.48,12,1,5,36.59
10232,9,1,64.14,64.14,0.37,10,1,5,6.4
10233,50,8,678.78,84.85,0.19,16,1,5,43.22
10234,68,6,597.02,99.5,0.29,13,1,5,34.79
10235,2,4,414.9,103.72,0.08,9,1,5,10.88
10236,11,6,527.13,87.86,0.05,21,1,5,15.17
10237,119,3,226.06,75.35,0.22,14,0,5,33.69
10238,24,7,356.39,50.91,0.24,20,1,5,44.96
10239,30,7,645.02,92.15,0.5,19,1,5,18.41
10240,1,4,207.97,51.99,0.33,18,1,5,20.33
10241,20,4,276.33,69.08,0.42,20,0,5,17.55
10242,134,2,35.19,17.6,0.4,14,0,4,40.25
10243,15,6,184.02,30.67,0.33,16,1,5,25.08
10244,4,2,95.03,47.52,0.12,17,1,5,6.69
10245,19,4,255.07,63.77,0.15,21,1,5,21.36
10246,99,3,224.45,74.82,0.24,11,0,4,11.61
10247,13,2,72.3,36.15,0.26,8,0,5,12.99
10248,49,3,211.87,70.62,0.3,19,1,5,5.25
10249,49,6,491.42,81.9,0.29,18,0,5,15.89
10250,8,5,309.7,61.94,0.33,18,1,5,25.74
10251,18,7,503.68,71.95,0.29,16,1,5,7.91
10252,38,7,348.15,49.74,0.37,13,0,2,10.26
10253,16,3,124.09,41.36,0.38,12,1,5,43.34
10254,7,7,675.18,96.45,0.17,14,1,4,9.61
10255,103,9,414.1,46.01,0.09,11,1,5,33.84
10256,32,3,50.65,16.88,0.37,14,0,1,12.26
10257,61,8,750.45,93.81,0.63,13,1,5,10.2
10258,1,3,138.97,46.32,0.62,15,0,3,7.85
10259,10,5,218.39,43.68,0.36,10,0,4,37.75
10260,21,6,329.66,54.94,0.12,17,1,5,6.6
10261,3,8,508.64,63.58,0.29,13,1,5,42.19
10262,149,6,596.96,99.49,0.21,20,0,5,30.45
10263,9,7,222.15,31.74,0.7,19,1,4,20.72
10264,15,3,212.82,70.94,0.36,13,0,4,37.47
10265,8,6,96.08,16.01,0.3,14,1,4,30.61
10266,4,8,172.23,21.53,0.05,12,1,4,41.28
10267,8,11,919.72,83.61,0.23,10,1,5,42.62
10268,11,7,786.9,112.41,0.29,8,1,3,29.07
10269,31,5,106.77,21.35,0.48,17,0,5,41.83
10270,10,5,217.12,43.42,0.14,15,0,4,42.09
10271,14,7,170.71,24.39,0.38,12,1,4,32.6
10272,1,5,98.31,19.66,0.31,19,1,4,33.0
10273,14,6,462.73,77.12,0.29,20,1,1,35.66
10274,23,4,430.04,107.51,0.34,9,0,4,16.99
10275,6,3,83.04,27.68,0.27,8,0,2,36.07
10276,28,4,306.41,76.6,0.29,15,1,5,12.39
10277,11,2,66.85,33.42,0.39,17,0,4,40.14
10278,30,6,347.09,57.85,0.11,8,1,5,11.34
10279,1,5,228.17,45.63,0.19,13,1,5,30.84
10280,66,5,161.53,32.31,0.43,13,0,5,42.68
10281,1,5,250.01,50.0,0.34,14,1,4,16.94
10282,5,9,811.33,90.15,0.31,13,1,4,7.4
10283,46,8,268.35,33.54,0.13,19,0,4,8.42
10284,2,9,526.89,58.54,0.37,18,1,5,12.21
10285,38,6,463.94,77.32,0.16,20,1,5,43.57
10286,107,5,580.17,116.03,0.31,15,0,5,41.09
10287,62,6,234.52,39.09,0.47,11,0,1,40.45
10288,38,7,535.9,76.56,0.57,16,1,4,39.82
10289,96,6,109.82,18.3,0.2,9,0,4,41.42
10290,17,7,289.0,41.29,0.64,16,1,5,11.22
10291,62,8,552.16,69.02,0.23,11,0,3,27.33
10292,14,7,475.29,67.9,0.15,14,1,4,13.44
10293,80,8,959.04,119.88,0.49,17,0,5,28.38
10294,5,5,177.0,35.4,0.21,9,0,5,34.2
10295,85,4,325.34,81.33,0.09,15,0,2,16.12
10296,54,4,86.58,21.64,0.4,15,0,4,12.82
10297,57,6,644.86,107.48,0.29,17,0,2,31.08
10298,4,10,243.06,24.31,0.31,10,1,5,5.22
10299,28,6,388.81,64.8,0.23,21,1,3,40.73
10300,1,7,648.53,92.65,0.15,17,0,5,20.76
10301,39,5,358.6,71.72,0.26,20,0,3,7.92
10302,1,4,184.73,46.18,0.4,14,1,5,11.05
10303,3,12,1246.97,103.91,0.35,10,1,4,42.63
10304,8,9,875.29,97.25,0.39,14,1,3,29.15
10305,63,5,545.86,109.17,0.35,18,0,1,23.75
10306,14,9,690.21,76.69,0.34,19,1,5,11.59
10307,24,7,432.9,61.84,0.12,15,0,5,17.61
10308,26,8,800.53,100.07,0.19,13,1,4,9.83
10309,8,6,520.65,86.78,0.19,16,1,5,31.63
10310,26,7,292.11,41.73,0.23,21,0,5,20.28
10311,33,7,356.68,50.95,0.41,20,0,5,19.11
10312,11,7,536.46,76.64,0.14,21,1,5,14.0
10313,17,8,155.12,19.39,0.06,19,1,5,37.98
10314,19,4,112.81,28.2,0.13,9,1,1,39.26
10315,81,5,304.31,60.86,0.43,13,0,4,38.7
10316,27,8,332.35,41.54,0.34,15,1,5,12.33
10317,89,6,601.74,100.29,0.11,17,0,5,25.82
10318,25,4,252.92,63.23,0.38,21,0,5,32.87
10319,21,6,592.37,98.73,0.32,18,1,5,24.79
10320,1,5,226.88,45.38,0.28,14,1,4,35.31
10321,20,3,66.46,22.15,0.35,21,1,5,13.36
10322,79,6,694.37,115.73,0.37,8,0,5,14.47
10323,7,6,300.65,50.11,0.33,18,1,5,7.71
10324,2,7,566.58,80.94,0.26,20,1,5,7.38
10325,16,3,177.44,59.15,0.15,13,0,4,7.36
10326,14,5,463.24,92.65,0.15,12,1,3,36.51
10327,59,5,410.02,82.0,0.61,15,0,4,42.77
10328,1,3,235.75,78.58,0.21,21,1,5,43.65
10329,76,8,275.59,34.45,0.09,15,0,2,16.07
10330,35,8,703.6,87.95,0.42,12,0,5,23.2
10331,71,7,563.7,80.53,0.05,12,0,5,21.83
10332,29,5,291.77,58.35,0.41,14,1,4,27.71
10333,51,6,297.62,49.6,0.25,17,0,4,13.42
10334,13,6,617.39,102.9,0.32,11,1,4,37.18
10335,13,9,298.41,33.16,0.43,9,1,4,8.24
10336,15,5,433.63,86.73,0.14,16,1,3,40.68
10337,43,7,348.19,49.74,0.46,20,0,4,37.5
10338,14,7,375.04,53.58,0.15,16,1,5,42.37
10339,9,6,361.99,60.33,0.32,16,1,4,22.01
10340,84,7,767.54,109.65,0.44,15,1,5,16.8
10341,72,4,67.04,16.76,0.54,13,0,5,13.51
10342,13,5,102.76,20.55,0.52,12,0,5,13.17
10343,31,6,501.34,83.56,0.48,10,1,5,27.92
10344,10,9,175.63,19.51,0.24,13,1,3,17.72
10345,7,5,440.05,88.01,0.27,11,1,4,39.83
10346,13,7,559.65,79.95,0.38,9,1,5,41.64
10347,12,7,654.9,93.56,0.41,10,1,5,31.64
10348,65,5,77.88,15.58,0.55,14,0,4,17.99
10349,52,6,306.86,51.14,0.22,14,0,4,41.54
10350,38,5,255.09,51.02,0.28,16,0,5,28.87
10351,97,4,65.04,16.26,0.47,12,0,5,13.24
10352,17,5,171.62,34.32,0.33,20,0,4,23.9
10353,9,7,455.05,65.01,0.16,13,1,4,10.76
10354,4,3,101.0,33.67,0.29,19,1,5,11.67
10355,11,8,276.5,34.56,0.49,18,1,5,10.91
10356,5,6,473.83,78.97,0.23,13,1,4,20.84
10357,3,7,315.65,45.09,0.69,21,1,4,30.76
10358,28,8,426.85,53.36,0.24,11,0,4,31.41
10359,14,12,640.9,53.41,0.48,21,1,5,31.25
10360,25,4,160.04,40.01,0.69,16,0,4,40.79
10361,7,6,297.74,49.62,0.46,13,1,5,20.68
10362,34,4,153.71,38.43,0.62,11,0,4,44.34
10363,8,3,178.16,59.39,0.16,13,1,5,22.91
10364,10,5,186.05,37.21,0.06,17,0,5,26.9
10365,41,2,56.15,28.08,0.39,15,0,4,21.94
10366,25,3,288.51,96.17,0.18,21,0,5,8.35
10367,13,6,649.52,108.25,0.43,21,1,4,22.51
10368,24,6,657.12,109.52,0.12,15,1,2,6.12
10369,36,7,277.98,39.71,0.11,11,0,2,16.26
10370,73,11,1091.38,99.22,0.5,11,0,4,9.84
10371,27,5,305.97,61.19,0.48,20,1,3,20.2
10372,8,9,375.54,41.73,0.07,20,1,4,19.19
10373,42,6,203.82,33.97,0.62,21,0,5,5.94
10374,46,4,88.45,22.11,0.15,11,0,4,10.95
10375,7,4,270.18,67.54,0.17,13,0,4,30.8
10376,52,5,406.42,81.28,0.18,17,1,5,31.16
10377,19,10,958.29,95.83,0.24,8,1,5,8.56
10378,46,5,469.11,93.82,0.17,19,0,5,17.55
10379,9,3,306.1,102.03,0.37,13,0,5,38.44
10380,13,8,311.83,38.98,0.43,12,0,5,34.3
10381,93,4,386.28,96.57,0.69,21,0,4,7.9
10382,33,2,68.08,34.04,0.76,15,0,5,44.02
10383,45,1,83.05,83.05,0.47,8,0,5,9.78
10384,35,5,521.61,104.32,0.18,19,0,1,12.3
10385,7,8,122.13,15.27,0.27,14,1,4,21.07
10386,20,4,476.28,119.07,0.17,19,1,5,39.63
10387,50,7,128.04,18.29,0.25,16,0,5,20.43
10388,34,6,495.46,82.58,0.18,10,1,3,32.39
10389,1,12,357.91,29.83,0.26,13,1,5,10.7
10390,3,4,479.17,119.79,0.29,15,0,4,34.44
10391,13,7,170.42,24.35,0.24,18,0,5,24.54
10392,87,6,709.42,118.24,0.14,14,0,4,13.08
10393,21,4,231.65,57.91,0.26,12,0,4,32.71
10394,10,8,273.12,34.14,0.49,8,0,4,20.79
10395,14,7,292.42,41.77,0.21,12,1,5,42.97
10396,8,6,455.61,75.94,0.13,11,1,3,27.46
10397,17,9,156.66,17.41,0.16,19,1,2,13.34
10398,8,9,965.31,107.26,0.14,16,1,4,31.75
10399,57,7,358.55,51.22,0.27,21,0,4,33.81
10400,19,7,287.3,41.04,0.29,10,1,3,41.56
10401,10,4,248.87,62.22,0.27,10,1,4,21.61
10402,82,7,214.95,30.71,0.13,10,0,5,32.43
10403,12,8,872.77,109.1,0.05,19,1,3,10.37
10404,73,7,834.23,119.18,0.29,13,0,5,28.85
10405,2,5,278.02,55.6,0.11,15,1,1,11.42
10406,37,5,106.88,21.38,0.12,15,0,5,10.19
10407,20,5,595.16,119.03,0.07,14,1,5,27.83
10408,18,9,909.27,101.03,0.11,12,1,5,16.58
10409,2,8,639.06,79.88,0.41,17,1,3,22.51
10410,2,6,624.43,104.07,0.4,11,1,4,18.31
10411,13,2,174.43,87.22,0.47,17,0,4,41.96
10412,89,7,582.51,83.22,0.42,8,0,5,11.43
10413,29,4,110.86,27.72,0.15,20,1,5,19.21
10414,14,5,510.43,102.09,0.37,10,1,4,14.96
10415,29,8,867.26,108.41,0.05,21,1,4,21.41
10416,7,4,344.0,86.0,0.16,21,1,3,33.62
10417,6,8,145.4,18.18,0.29,19,0,5,38.98
10418,14,5,316.76,63.35,0.34,17,0,5,5.25
10419,60,3,346.66,115.55,0.64,16,0,4,12.07
10420,22,4,434.19,108.55,0.52,20,1,4,38.46
10421,11,13,1364.66,104.97,0.43,8,1,5,20.68
10422,91,3,211.93,70.64,0.21,10,1,5,21.72
10423,51,9,289.31,32.15,0.07,15,0,5,17.35
10424,12,8,456.11,57.01,0.36,19,1,5,11.64
10425,108,3,289.62,96.54,0.1,14,0,3,11.18
10426,132,3,306.28,102.09,0.07,21,0,3,20.09
10427,16,9,1027.77,114.2,0.42,11,1,5,29.28
10428,33,7,462.7,66.1,0.29,20,1,4,37.81
10429,16,9,756.57,84.06,0.22,8,1,4,6.18
10430,9,3,91.81,30.6,0.31,9,0,4,5.06
10431,3,6,485.33,80.89,0.15,17,1,4,41.88
10432,10,6,435.62,72.6,0.5,21,1,4,6.35
10433,10,7,387.39,55.34,0.13,11,1,2,33.79
10434,16,3,77.01,25.67,0.16,9,1,5,7.08
10435,7,4,90.86,22.72,0.59,10,1,5,34.67
10436,93,7,431.01,61.57,0.21,15,0,4,6.12
10437,4,6,412.51,68.75,0.2,18,1,5,31.49
10438,30,4,96.26,24.06,0.31,11,0,5,7.05
10439,18,5,216.94,43.39,0.22,13,1,4,41.95
10440,17,5,455.79,91.16,0.05,21,1,5,23.77
10441,14,8,779.33,97.42,0.1,11,1,5,18.02
10442,61,5,454.06,90.81,0.06,11,0,4,29.5
10443,10,4,177.56,44.39,0.19,11,0,5,19.8
10444,1,4,466.46,116.62,0.34,11,1,4,43.41
10445,76,6,296.45,49.41,0.05,8,0,3,12.54
10446,60,6,624.42,104.07,0.33,12,1,3,14.74
10447,10,8,695.25,86.91,0.26,12,1,3,12.86
10448,23,6,350.77,58.46,0.17,13,1,1,26.22
10449,4,7,349.87,49.98,0.65,19,1,5,22.6
10450,3,3,236.55,78.85,0.09,8,1,4,16.84
10451,55,8,313.95,39.24,0.05,14,0,5,13.33
10452,16,5,313.49,62.7,0.17,17,1,5,39.0
10453,33,5,386.24,77.25,0.27,18,0,4,26.87
10454,87,3,278.75,92.92,0.24,12,0,4,36.51
10455,9,8,306.01,38.25,0.54,10,0,4,27.87
10456,1,9,199.1,22.12,0.49,8,1,5,34.52
10457,1,1,34.61,34.61,0.71,12,1,4,8.94
10458,38,6,491.23,81.87,0.23,18,0,5,36.54
10459,78,6,596.27,99.38,0.34,10,0,3,19.06
10460,19,7,265.74,37.96,0.35,12,1,5,18.51
10461,15,4,295.6,73.9,0.48,11,0,4,24.96
10462,24,3,167.74,55.91,0.31,17,0,4,39.89
10463,59,5,89.11,17.82,0.31,13,0,2,38.78
10464,32,11,270.1,24.55,0.59,21,1,3,6.47
10465,8,6,109.87,18.31,0.15,11,1,4,27.91
10466,45,6,395.19,65.86,0.06,8,1,4,12.92
10467,5,3,275.94,91.98,0.13,19,1,5,26.49
10468,6,5,106.99,21.4,0.14,18,1,2,9.54
10469,29,2,88.07,44.04,0.08,8,0,5,12.8
10470,9,4,74.18,18.55,0.37,15,1,5,14.32
10471,37,10,352.17,35.22,0.45,14,0,5,19.55
10472,13,1,79.97,79.97,0.36,13,0,3,6.32
10473,10,6,365.48,60.91,0.05,13,1,5,35.71
10474,205,5,205.1,41.02,0.31,19,0,4,25.75
10475,2,6,263.14,43.86,0.39,8,1,4,44.65
10476,32,6,169.77,28.3,0.5,20,1,4,17.38
10477,2,5,409.78,81.96,0.37,21,1,5,35.37
10478,43,5,483.24,96.65,0.09,11,0,4,29.14
10479,8,8,607.85,75.98,0.3,20,1,5,26.17
10480,3,2,114.63,57.32,0.18,21,0,5,8.52
10481,32,5,167.53,33.51,0.56,17,0,4,20.83
10482,40,7,639.52,91.36,0.6,10,0,4,11.26
10483,35,3,76.4,25.47,0.18,13,0,5,27.26
10484,2,8,319.78,39.97,0.39,16,1,3,29.68
10485,11,8,710.1,88.76,0.08,11,1,4,9.85
10486,18,7,133.65,19.09,0.36,11,0,4,37.65
10487,11,8,568.65,71.08,0.52,17,1,1,39.11
10488,50,5,146.32,29.26,0.26,15,0,4,10.4
10489,5,12,961.08,80.09,0.23,8,1,4,13.49
10490,29,8,901.5,112.69,0.13,21,1,2,12.54
10491,134,5,296.83,59.37,0.25,12,0,3,23.76
10492,70,5,109.94,21.99,0.05,15,0,5,39.48
10493,8,9,163.86,18.21,0.36,12,1,4,15.65
10494,1,3,340.92,113.64,0.43,18,1,5,21.41
10495,119,4,256.76,64.19,0.06,10,0,2,12.62
10496,65,6,661.02,110.17,0.28,11,1,5,24.35
10497,76,5,291.14,58.23,0.16,19,0,5,17.01
10498,17,4,188.92,47.23,0.46,15,1,4,28.76
10499,41,7,307.16,43.88,0.11,15,1,4,22.71
10500,8,6,411.35,68.56,0.16,21,1,4,39.3
10501,15,3,280.71,93.57,0.08,8,0,4,9.0
10502,58,6,469.96,78.33,0.46,21,0,4,5.18
10503,5,6,481.57,80.26,0.11,13,1,4,30.18
10504,68,5,151.23,30.25,0.39,18,0,5,37.42
10505,21,3,232.13,77.38,0.37,15,0,3,36.05
10506,17,5,188.76,37.75,0.18,8,1,4,15.42
10507,11,6,585.27,97.54,0.34,11,1,5,6.42
10508,75,7,245.49,35.07,0.17,10,0,2,13.75
10509,22,4,185.89,46.47,0.05,18,0,5,27.58
10510,49,5,123.52,24.7,0.22,9,1,5,28.6
10511,59,5,550.04,110.01,0.22,10,0,5,40.3
10512,77,6,236.05,39.34,0.14,16,0,3,29.79
10513,11,8,198.1,24.76,0.44,9,0,4,43.66
10514,13,6,255.58,42.6,0.25,21,0,5,25.54
10515,28,7,394.34,56.33,0.23,18,0,5,32.79
10516,18,6,207.63,34.6,0.15,8,1,5,28.84
10517,82,4,257.98,64.5,0.18,17,0,5,18.83
10518,16,3,355.55,118.52,0.09,10,1,3,22.27
10519,20,5,580.7,116.14,0.18,18,1,4,39.41
10520,29,6,194.6,32.43,0.18,17,1,5,41.94
10521,16,9,827.2,91.91,0.39,13,1,2,40.83
10522,147,4,157.6,39.4,0.43,19,0,4,9.59
10523,4,2,230.61,115.3,0.33,13,1,5,41.35
10524,8,2,117.58,58.79,0.1,19,0,3,27.38
10525,12,6,329.0,54.83,0.12,19,1,5,12.25
10526,5,9,1063.08,118.12,0.2,14,1,4,12.89
10527,11,8,555.42,69.43,0.59,10,1,1,42.8
10528,46,7,229.49,32.78,0.3,13,0,4,42.04
10529,23,3,227.19,75.73,0.25,12,0,4,10.66
10530,2,6,550.64,91.77,0.07,9,1,5,19.82
10531,122,5,442.26,88.45,0.15,15,0,5,33.68
10532,29,7,650.54,92.93,0.08,19,1,5,25.73
10533,2,4,378.72,94.68,0.5,14,1,5,5.94
10534,33,4,455.29,113.82,0.23,10,0,5,6.78
10535,15,5,385.38,77.08,0.24,10,0,4,9.8
10536,5,7,497.07,71.01,0.34,19,1,4,44.89
10537,25,6,593.23,98.87,0.52,21,1,5,11.49
10538,39,11,262.98,23.91,0.12,21,0,5,33.95
10539,34,9,481.62,53.51,0.19,10,1,5,42.74
10540,9,13,1042.91,80.22,0.05,10,1,4,15.23
10541,23,3,173.88,57.96,0.05,11,0,5,13.33
10542,24,5,457.45,91.49,0.39,13,1,3,18.49
10543,38,10,720.96,72.1,0.77,8,1,5,26.16
10544,14,4,370.83,92.71,0.43,18,0,4,33.72
10545,48,7,681.46,97.35,0.35,20,1,5,37.77
10546,30,5,341.45,68.29,0.13,21,0,5,35.15
10547,2,9,833.61,92.62,0.08,10,1,4,31.92
10548,24,5,164.8,32.96,0.32,20,0,5,31.63
10549,60,6,324.77,54.13,0.06,10,0,5,13.13
10550,26,4,384.23,96.06,0.28,16,0,5,12.24
10551,6,6,100.95,16.82,0.22,17,0,4,11.72
10552,22,4,166.63,41.66,0.39,13,0,5,5.99
10553,43,8,398.76,49.84,0.16,20,0,5,36.68
10554,4,10,1054.01,105.4,0.13,16,1,5,40.18
10555,51,9,246.32,27.37,0.25,14,1,5,7.92
10556,6,7,271.74,38.82,0.37,18,0,4,36.96
10557,23,2,126.46,63.23,0.12,11,1,5,18.67
10558,15,5,297.28,59.46,0.57,8,1,4,30.96
10559,9,9,546.75,60.75,0.2,20,1,2,30.48
10560,32,8,412.86,51.61,0.19,9,0,5,30.99
10561,2,7,168.05,24.01,0.31,17,1,5,14.72
10562,43,5,311.47,62.29,0.72,12,0,5,34.3
10563,23,4,199.18,49.8,0.24,19,0,1,25.22
10564,63,9,815.44,90.6,0.47,19,1,5,38.41
10565,23,3,352.79,117.6,0.23,19,0,4,6.89
10566,2,4,320.81,80.2,0.34,18,1,2,13.07
10567,5,8,655.22,81.9,0.4,20,1,5,34.96
10568,48,9,184.06,20.45,0.41,9,0,3,38.0
10569,21,5,408.36,81.67,0.5,19,0,3,15.87
10570,18,8,492.55,61.57,0.23,11,1,5,16.51
10571,12,4,110.58,27.64,0.17,21,1,5,7.97
10572,11,5,551.42,110.28,0.17,19,1,5,34.29
10573,102,2,126.24,63.12,0.22,9,0,5,16.89
10574,18,5,571.35,114.27,0.08,9,1,3,10.14
10575,65,5,473.39,94.68,0.65,12,1,5,42.02
10576,32,6,467.03,77.84,0.36,12,1,5,19.73
10577,59,6,692.83,115.47,0.51,9,1,5,9.77
10578,58,4,97.82,24.46,0.11,12,0,4,7.41
10579,94,6,389.25,64.88,0.07,16,0,5,9.71
10580,36,8,563.66,70.46,0.24,14,1,5,15.48
10581,50,2,113.24,56.62,0.23,18,0,5,18.07
10582,40,5,491.66,98.33,0.23,16,1,3,16.85
10583,28,9,403.95,44.88,0.05,9,1,5,41.47
10584,38,6,253.57,42.26,0.36,16,1,4,24.02
10585,38,7,164.31,23.47,0.33,10,0,4,43.27
10586,2,3,280.54,93.51,0.25,17,0,5,8.27
10587,22,7,362.33,51.76,0.21,14,0,5,12.59
10588,48,6,183.92,30.65,0.3,14,1,4,29.07
10589,9,6,425.91,70.98,0.26,8,1,3,17.23
10590,19,5,567.27,113.45,0.28,13,1,5,29.72
10591,18,5,583.48,116.7,0.45,11,1,4,17.45
10592,16,8,331.9,41.49,0.3,9,1,5,10.5
10593,4,3,175.96,58.65,0.33,11,1,1,17.82
10594,23,5,175.63,35.13,0.68,21,0,5,34.33
10595,18,5,334.6,66.92,0.45,15,1,3,14.75
10596,33,4,303.68,75.92,0.34,13,0,5,41.6
10597,24,3,183.53,61.18,0.15,20,0,4,31.22
10598,1,6,403.19,67.2,0.54,21,1,5,7.73
10599,1,10,847.47,84.75,0.09,11,1,5,20.52
10600,37,4,213.29,53.32,0.32,20,0,5,8.65
10601,37,2,197.67,98.84,0.23,15,1,5,44.57
10602,97,5,487.34,97.47,0.38,19,0,4,15.58
10603,63,7,244.21,34.89,0.29,10,0,5,16.64
10604,19,5,304.13,60.83,0.16,16,1,4,5.27
10605,30,4,451.55,112.89,0.1,18,1,5,39.21
10606,19,4,114.89,28.72,0.47,13,0,4,32.56
10607,8,10,189.03,18.9,0.51,10,1,3,9.2
10608,15,7,579.31,82.76,0.47,16,0,4,31.2
10609,4,8,647.95,80.99,0.25,13,1,5,9.11
10610,33,5,332.95,66.59,0.37,18,1,5,8.5
10611,7,4,435.34,108.84,0.23,12,1,5,15.97
10612,20,6,464.9,77.48,0.44,18,0,4,43.41
10613,103,8,643.07,80.38,0.05,9,0,5,7.19
10614,1,8,824.64,103.08,0.6,11,1,2,22.86
10615,5,6,109.79,18.3,0.3,15,1,1,6.64
10616,11,5,453.36,90.67,0.53,20,1,5,6.06
10617,86,6,144.71,24.12,0.73,20,0,4,34.72
10618,72,5,276.27,55.25,0.28,12,0,3,14.59
10619,6,8,549.27,68.66,0.49,8,1,5,36.31
10620,120,5,437.21,87.44,0.16,13,0,5,13.63
10621,42,5,111.26,22.25,0.33,10,0,1,42.75
10622,24,7,685.91,97.99,0.22,16,1,5,30.38
10623,81,7,593.62,84.8,0.06,12,0,3,31.4
10624,64,4,129.39,32.35,0.05,16,0,5,8.25
10625,15,3,244.81,81.6,0.27,13,1,4,9.86
10626,33,10,900.45,90.04,0.27,13,1,3,35.44
10627,32,7,459.51,65.64,0.5,16,0,4,23.57
10628,12,4,244.44,61.11,0.35,17,0,4,15.52
10629,6,9,870.1,96.68,0.5,8,1,5,5.57
10630,19,8,839.67,104.96,0.32,11,1,5,16.1
10631,10,3,48.89,16.3,0.51,11,0,5,22.66
10632,14,6,128.36,21.39,0.32,9,0,5,20.67
10633,93,7,725.39,103.63,0.07,9,0,5,18.92
10634,19,10,1133.5,113.35,0.61,12,1,4,17.33
10635,35,11,670.49,60.95,0.36,20,1,4,27.31
10636,13,6,431.82,71.97,0.05,12,0,5,10.85
10637,165,5,129.08,25.82,0.13,21,0,3,24.78
10638,33,6,273.38,45.56,0.5,21,0,2,26.64
10639,7,4,359.34,89.84,0.36,18,1,4,42.51
10640,4,6,395.24,65.87,0.59,13,0,5,25.48
10641,87,6,602.4,100.4,0.52,9,0,4,30.53
10642,87,4,176.59,44.15,0.44,21,0,1,30.66
10643,30,10,599.46,59.95,0.27,9,1,5,42.33
10644,1,5,501.88,100.38,0.63,17,1,1,10.97
10645,8,6,625.57,104.26,0.21,18,1,4,8.84
10646,49,5,297.86,59.57,0.33,21,0,4,35.81
10647,63,5,315.94,63.19,0.1,10,0,5,14.4
10648,19,7,279.15,39.88,0.31,8,1,5,7.28
10649,14,4,238.72,59.68,0.53,12,0,3,19.66
10650,10,5,336.14,67.23,0.55,15,0,5,34.66
10651,4,7,330.23,47.18,0.29,10,0,5,12.96
10652,4,8,223.5,27.94,0.35,17,1,3,15.88
10653,92,5,265.38,53.08,0.15,9,0,5,29.32
10654,50,4,314.05,78.51,0.19,20,1,5,17.23
10655,6,5,149.84,29.97,0.31,19,1,5,27.49
10656,7,3,310.76,103.59,0.06,12,1,4,42.03
10657,32,6,432.7,72.12,0.41,18,1,3,29.23
10658,44,7,338.03,48.29,0.39,20,1,4,6.97
10659,50,4,263.34,65.83,0.25,18,0,5,30.74
10660,6,3,113.81,37.94,0.23,13,0,4,10.26
10661,125,11,509.16,46.29,0.35,13,0,5,18.93
10662,8,6,210.85,35.14,0.15,15,1,5,19.68
10663,27,9,569.94,63.33,0.12,16,1,2,7.44
10664,27,6,317.3,52.88,0.22,15,1,2,28.35
10665,103,5,257.39,51.48,0.05,10,0,5,11.75
10666,33,4,434.31,108.58,0.55,16,0,5,43.17
10667,27,7,323.03,46.15,0.25,20,1,5,14.19
10668,22,8,288.34,36.04,0.23,17,1,5,10.91
10669,44,3,93.43,31.14,0.66,11,0,4,27.83
10670,4,9,141.99,15.78,0.13,21,1,5,29.97
10671,1,7,339.37,48.48,0.46,15,1,5,21.95
10672,92,6,492.29,82.05,0.28,20,0,4,35.38
10673,21,6,498.46,83.08,0.36,12,1,1,19.06
10674,12,4,476.21,119.05,0.05,16,1,5,35.35
10675,14,7,778.75,111.25,0.07,11,1,5,34.46
10676,49,2,59.93,29.96,0.22,11,0,5,24.21
10677,15,11,1147.63,104.33,0.08,10,1,1,8.76
10678,45,4,98.02,24.5,0.13,18,0,4,43.01
10679,18,4,241.28,60.32,0.18,20,1,2,18.04
10680,56,8,541.89,67.74,0.38,9,0,4,17.84
10681,3,7,799.98,114.28,0.5,11,1,2,29.75
10682,20,6,448.37,74.73,0.22,14,1,3,28.04
10683,19,5,497.24,99.45,0.61,13,0,4,28.56
10684,10,7,819.21,117.03,0.47,18,1,4,14.84
10685,87,10,1015.19,101.52,0.31,11,1,4,13.54
10686,71,10,382.29,38.23,0.4,14,0,5,16.65
10687,18,9,336.58,37.4,0.28,14,1,5,18.77
10688,4,2,98.77,49.38,0.12,10,0,5,8.7
10689,7,7,735.07,105.01,0.39,11,1,4,25.25
10690,10,3,255.62,85.21,0.34,11,1,4,22.75
10691,20,6,355.31,59.22,0.3,10,1,2,38.25
10692,13,7,340.92,48.7,0.25,14,1,3,31.03
10693,45,3,153.41,51.14,0.09,13,0,4,8.69
10694,20,6,480.8,80.13,0.21,12,1,5,5.8
10695,62,7,110.07,15.72,0.3,19,1,5,22.07
10696,165,5,163.08,32.62,0.07,18,0,4,40.73
10697,8,5,496.79,99.36,0.18,14,0,4,39.52
10698,29,3,97.73,32.58,0.24,9,0,3,38.98
10699,57,4,411.51,102.88,0.41,13,0,5,24.0
10700,88,3,146.66,48.89,0.28,14,0,4,19.35
10701,11,7,813.83,116.26,0.19,18,1,4,25.62
10702,39,2,66.74,33.37,0.42,20,1,3,30.09
10703,1,9,174.8,19.42,0.22,17,0,4,14.69
10704,64,3,301.77,100.59,0.25,21,0,3,10.63
10705,2,7,293.41,41.92,0.3,17,1,3,35.5
10706,40,5,138.12,27.62,0.15,14,1,5,5.2
10707,157,12,1302.45,108.54,0.21,12,0,4,37.0
10708,21,4,338.91,84.73,0.19,8,0,4,24.57
10709,8,7,134.69,19.24,0.19,11,1,5,8.87
10710,28,11,343.09,31.19,0.13,13,1,5,43.67
10711,30,8,742.64,92.83,0.37,12,1,5,13.01
10712,34,4,432.18,108.04,0.3,13,0,5,32.02
10713,6,4,263.28,65.82,0.56,14,1,5,11.15
10714,69,9,1047.66,116.41,0.37,15,0,5,9.01
10715,30,5,294.94,58.99,0.28,18,0,5,23.97
10716,2,6,680.25,113.38,0.36,17,1,5,25.77
10717,35,6,290.93,48.49,0.11,18,0,5,12.29
10718,7,10,697.57,69.76,0.19,11,1,5,7.74
10719,1,7,130.6,18.66,0.33,18,0,5,39.52
10720,25,5,449.56,89.91,0.53,20,0,5,14.08
10721,51,8,662.82,82.85,0.12,8,0,5,17.65
10722,59,10,481.22,48.12,0.09,8,1,5,12.2
10723,4,6,115.09,19.18,0.2,17,0,5,36.39
10724,33,6,675.31,112.55,0.21,11,0,1,23.89
10725,38,4,249.86,62.46,0.5,21,0,5,11.76
10726,11,8,603.47,75.43,0.4,17,0,4,23.77
10727,107,7,388.31,55.47,0.14,9,0,2,26.91
10728,10,5,277.16,55.43,0.34,21,1,1,25.31
10729,3,4,142.17,35.54,0.15,21,1,4,15.77
10730,22,5,334.98,67.0,0.31,13,1,4,30.19
10731,36,5,545.92,109.18,0.65,14,1,5,24.53
10732,9,9,1067.7,118.63,0.39,18,1,4,33.87
10733,13,7,667.34,95.33,0.23,17,1,3,39.05
10734,25,1,117.9,117.9,0.1,14,0,5,19.27
10735,66,5,403.53,80.71,0.33,19,1,3,14.91
10736,42,2,69.59,34.8,0.2,14,0,5,5.47
10737,8,6,637.41,106.24,0.42,15,1,5,20.13
10738,9,8,836.59,104.57,0.15,16,1,5,20.87
10739,23,4,251.65,62.91,0.41,17,1,5,18.49
10740,44,6,461.73,76.96,0.28,8,0,4,22.83
10741,29,3,216.06,72.02,0.09,9,0,5,26.31
10742,21,6,471.51,78.58,0.29,10,1,5,35.48
10743,28,6,550.66,91.78,0.52,14,1,5,20.89
10744,43,11,992.65,90.24,0.28,18,1,5,12.27
10745,24,7,705.29,100.76,0.47,17,1,5,33.01
10746,69,4,129.51,32.38,0.07,10,0,3,11.39
10747,89,12,869.73,72.48,0.35,19,0,5,38.53
10748,75,10,264.1,26.41,0.12,10,0,1,16.8
10749,43,1,87.49,87.49,0.66,11,1,4,34.37
10750,9,5,514.76,102.95,0.45,14,0,5,17.31
10751,15,9,771.29,85.7,0.41,15,1,5,37.95
10752,10,5,396.62,79.32,0.3,17,1,4,6.99
10753,33,4,186.71,46.68,0.22,20,1,3,44.26
10754,12,8,868.95,108.62,0.05,11,1,5,38.61
10755,43,10,586.01,58.6,0.11,18,0,5,37.08
10756,4,7,805.93,115.13,0.76,17,1,5,7.83
10757,45,3,350.42,116.81,0.29,15,0,5,41.02
10758,27,8,327.32,40.92,0.33,14,1,5,12.66
10759,55,2,182.53,91.26,0.15,8,0,5,28.21
10760,17,5,133.51,26.7,0.14,8,0,5,5.1
10761,30,5,550.1,110.02,0.19,19,0,3,9.46
10762,25,5,144.04,28.81,0.23,19,0,5,28.03
10763,112,5,142.18,28.44,0.44,11,0,4,31.14
10764,43,5,513.15,102.63,0.06,9,0,5,27.32
10765,24,6,210.92,35.15,0.15,21,1,4,24.75
10766,6,6,384.62,64.1,0.05,15,1,5,17.05
10767,71,4,145.35,36.34,0.23,10,0,3,25.76
10768,7,8,652.84,81.6,0.28,20,1,4,25.45
10769,32,6,532.99,88.83,0.65,19,1,5,26.04
10770,83,8,471.24,58.9,0.35,9,0,4,32.36
10771,8,5,460.45,92.09,0.3,10,0,5,13.82
10772,8,10,262.15,26.21,0.39,13,0,1,21.82
10773,58,8,840.46,105.06,0.07,20,1,4,41.96
10774,53,9,825.19,91.69,0.22,11,1,5,36.27
10775,14,9,282.15,31.35,0.42,12,1,4,32.92
10776,10,6,221.12,36.85,0.32,15,1,3,36.13
10777,5,3,158.58,52.86,0.32,20,1,5,11.44
10778,133,4,334.06,83.52,0.13,13,0,3,31.76
10779,55,5,443.86,88.77,0.27,9,1,1,37.06
10780,69,5,566.05,113.21,0.3,9,1,1,10.55
10781,22,10,504.54,50.45,0.3,10,1,4,30.87
10782,4,9,518.24,57.58,0.14,10,1,2,37.29
10783,2,5,443.75,88.75,0.19,12,1,3,35.4
10784,13,5,266.04,53.21,0.3,9,1,5,5.87
10785,76,7,605.76,86.54,0.42,20,0,5,43.49
10786,89,5,367.7,73.54,0.19,19,0,5,43.66
10787,56,7,211.35,30.19,0.15,9,0,5,19.38
10788,6,5,291.81,58.36,0.23,18,0,5,40.91
10789,17,6,113.19,18.86,0.33,16,0,5,18.16
10790,9,7,694.81,99.26,0.05,19,1,4,10.1
10791,7,3,340.94,113.65,0.24,20,0,5,35.71
10792,35,6,644.49,107.42,0.12,10,1,5,11.68
10793,20,8,459.32,57.42,0.3,12,1,5,23.98
10794,12,10,353.27,35.33,0.16,10,1,5,23.47
10795,4,7,396.12,56.59,0.26,21,1,5,8.45
10796,24,4,171.73,42.93,0.05,17,1,4,27.68
10797,13,7,802.07,114.58,0.05,13,1,5,8.43
10798,15,7,558.96,79.85,0.48,20,1,5,33.02
10799,12,5,334.73,66.95,0.16,20,1,4,28.6
10800,15,9,654.11,72.68,0.2,20,1,4,17.24
10801,25,3,90.7,30.23,0.33,17,1,5,36.2
10802,1,2,221.79,110.9,0.18,8,0,5,35.22
10803,57,12,315.46,26.29,0.18,13,1,5,5.93
10804,77,5,263.18,52.64,0.46,20,0,4,13.27
10805,24,3,165.88,55.29,0.21,9,0,5,15.36
10806,10,3,299.04,99.68,0.05,10,1,4,34.5
10807,139,6,262.79,43.8,0.44,8,0,4,11.3
10808,15,6,419.23,69.87,0.05,16,1,4,37.89
10809,36,6,600.47,100.08,0.17,18,0,5,34.49
10810,36,4,457.11,114.28,0.51,16,1,5,6.81
10811,18,7,374.45,53.49,0.44,21,0,5,12.66
10812,7,5,291.57,58.31,0.32,21,0,5,20.91
10813,102,3,61.61,20.54,0.12,8,0,4,34.85
10814,2,4,180.47,45.12,0.14,16,1,4,24.87
10815,20,4,310.34,77.58,0.54,12,1,3,6.39
10816,8,8,426.24,53.28,0.44,9,1,4,27.79
10817,11,7,152.71,21.82,0.31,17,1,5,29.7
10818,53,12,221.19,18.43,0.22,9,0,5,7.22
10819,14,6,119.82,19.97,0.25,17,1,5,41.86
10820,3,4,170.24,42.56,0.09,15,1,5,15.16
10821,7,10,745.22,74.52,0.13,15,1,1,24.17
10822,60,5,307.8,61.56,0.25,10,0,4,16.77
10823,114,2,124.56,62.28,0.05,9,0,4,6.08
10824,10,7,655.36,93.62,0.34,17,1,5,34.1
10825,34,8,307.5,38.44,0.14,15,1,4,14.05
10826,3,4,450.19,112.55,0.63,16,1,5,35.07
10827,39,11,193.87,17.62,0.36,10,1,5,25.53
10828,17,5,520.17,104.03,0.25,11,1,4,30.37
10829,76,8,688.53,86.07,0.27,10,0,5,8.67
10830,12,6,189.37,31.56,0.13,17,1,5,20.7
10831,86,4,120.88,30.22,0.22,8,0,3,33.22
10832,21,6,120.41,20.07,0.42,8,0,5,8.56
10833,13,5,269.86,53.97,0.35,14,1,5,33.02
10834,32,4,276.1,69.03,0.48,11,1,4,42.55
10835,9,8,620.22,77.53,0.22,8,1,4,20.39
10836,8,7,399.98,57.14,0.4,13,1,5,5.26
10837,7,8,204.97,25.62,0.31,19,1,5,39.15
10838,97,6,313.61,52.27,0.27,18,0,5,43.11
10839,21,7,522.67,74.67,0.54,12,0,5,30.1
10840,42,4,417.38,104.34,0.56,20,0,3,41.05
10841,20,3,176.13,58.71,0.46,16,0,4,23.23
10842,27,5,200.97,40.19,0.38,16,1,5,10.37
10843,27,5,519.43,103.89,0.31,19,1,5,5.92
10844,118,5,311.22,62.24,0.35,13,0,4,16.52
10845,34,5,552.91,110.58,0.49,13,1,4,22.0
10846,9,2,118.58,59.29,0.05,19,1,5,41.45
10847,1,3,82.33,27.44,0.2,8,1,5,33.54
10848,8,12,934.47,77.87,0.55,10,1,3,43.72
10849,19,2,195.94,97.97,0.16,13,1,5,9.38
10850,15,6,556.8,92.8,0.11,12,0,5,41.77
10851,51,5,567.65,113.53,0.44,21,0,4,31.79
10852,47,5,129.22,25.84,0.23,13,0,3,35.7
10853,3,7,803.2,114.74,0.45,11,1,5,25.53
10854,92,5,189.4,37.88,0.16,11,0,1,17.38
10855,23,2,134.1,67.05,0.29,17,0,5,7.68
10856,28,8,859.43,107.43,0.38,21,1,5,36.72
10857,16,8,399.04,49.88,0.11,9,1,5,24.11
10858,32,7,340.87,48.7,0.11,11,0,4,18.44
10859,62,5,388.56,77.71,0.19,16,0,5,35.33
10860,34,3,80.01,26.67,0.45,15,1,5,19.59
10861,106,10,1191.45,119.15,0.46,13,1,5,19.33
10862,37,7,408.41,58.34,0.09,19,0,4,33.55
10863,52,6,177.55,29.59,0.15,19,0,4,42.47
10864,2,9,959.41,106.6,0.1,12,1,3,28.18
10865,34,10,204.87,20.49,0.53,11,1,3,31.91
10866,32,9,963.93,107.1,0.23,18,1,4,39.09
10867,4,6,265.25,44.21,0.18,17,1,3,18.09
10868,56,9,513.86,57.1,0.26,8,0,4,34.65
10869,29,6,267.62,44.6,0.28,14,1,4,30.01
10870,4,6,112.57,18.76,0.28,14,1,3,40.86
10871,28,9,1035.29,115.03,0.2,13,1,5,32.42
10872,20,8,193.16,24.14,0.32,17,1,4,8.7
10873,8,8,134.81,16.85,0.39,21,1,5,18.53
10874,1,4,376.4,94.1,0.25,12,1,4,23.14
10875,14,5,457.31,91.46,0.46,20,1,3,17.66
10876,30,7,356.54,50.93,0.08,19,1,5,14.25
10877,12,10,150.51,15.05,0.32,18,1,5,36.32
10878,12,10,168.99,16.9,0.17,9,1,5,28.92
10879,42,9,296.66,32.96,0.12,10,0,5,14.73
10880,43,6,470.38,78.4,0.49,11,0,1,27.85
10881,39,10,414.6,41.46,0.35,16,0,4,26.45
10882,4,8,356.16,44.52,0.33,10,1,5,27.37
10883,22,6,696.68,116.11,0.27,17,1,5,26.4
10884,25,6,656.77,109.46,0.33,19,1,1,36.16
10885,41,6,169.71,28.28,0.32,15,0,4,32.75
10886,71,7,552.26,78.89,0.25,12,0,5,32.48
10887,14,6,245.02,40.84,0.17,16,0,4,38.66
10888,17,2,34.58,17.29,0.09,17,0,5,12.14
10889,40,7,227.53,32.5,0.21,16,0,5,12.67
10890,33,3,76.68,25.56,0.29,13,1,4,40.66
10891,25,4,397.38,99.34,0.13,9,0,4,35.54
10892,13,4,74.4,18.6,0.16,14,1,4,38.31
10893,7,4,76.2,19.05,0.24,9,0,4,29.99
10894,7,7,549.25,78.46,0.38,10,1,5,19.85
10895,3,8,899.1,112.39,0.33,10,1,5,21.58
10896,3,6,94.86,15.81,0.25,12,0,5,7.81
10897,57,6,549.39,91.56,0.47,16,1,5,12.43
10898,15,12,643.77,53.65,0.41,9,1,3,29.91
10899,2,9,546.24,60.69,0.17,15,1,5,41.37
10900,69,7,380.76,54.39,0.3,17,0,4,29.81
10901,8,7,562.03,80.29,0.11,16,1,3,20.73
10902,10,4,112.62,28.16,0.35,17,1,4,36.58
10903,7,6,162.85,27.14,0.47,10,1,5,25.83
10904,103,8,402.59,50.32,0.3,11,0,4,11.94
10905,4,5,123.64,24.73,0.31,16,1,4,41.08
10906,39,3,320.04,106.68,0.05,19,0,4,31.43
10907,81,5,595.52,119.1,0.84,9,0,5,21.7
10908,34,7,814.17,116.31,0.24,21,1,5,11.3
10909,59,10,704.76,70.48,0.26,20,1,5,5.05
10910,9,7,690.57,98.65,0.05,20,1,5,16.66
10911,34,8,937.04,117.13,0.21,8,1,4,43.52
10912,37,8,716.16,89.52,0.43,14,1,5,16.99
10913,19,5,559.61,111.92,0.11,19,1,4,26.75
10914,62,8,256.75,32.09,0.08,15,0,5,6.88
10915,36,5,572.79,114.56,0.34,20,1,3,31.05
10916,68,6,191.32,31.89,0.16,19,0,3,33.83
10917,42,3,62.92,20.97,0.28,17,0,5,38.37
10918,23,3,354.14,118.05,0.74,15,1,5,30.27
10919,21,9,1069.27,118.81,0.14,21,1,5,25.33
10920,19,11,289.15,26.29,0.24,16,0,5,36.74
10921,1,8,465.52,58.19,0.42,18,1,4,30.19
10922,23,9,736.03,81.78,0.07,18,1,5,35.48
10923,17,5,521.89,104.38,0.51,10,1,1,33.24
10924,6,7,378.24,54.03,0.29,8,1,5,40.33
10925,4,5,555.89,111.18,0.16,8,1,4,16.28
10926,18,5,150.74,30.15,0.24,15,1,5,31.31
10927,2,4,73.82,18.45,0.1,14,0,5,27.47
10928,130,4,230.36,57.59,0.36,8,0,3,11.97
10929,15,6,422.69,70.45,0.23,15,0,4,39.08
10930,15,6,669.85,111.64,0.46,15,1,5,6.47
10931,2,10,1088.47,108.85,0.43,19,1,4,21.32
10932,17,4,241.66,60.42,0.16,15,1,4,18.79
10933,1,10,1057.2,105.72,0.49,15,1,4,30.84
10934,1,3,96.81,32.27,0.24,15,0,5,10.52
10935,13,3,111.92,37.31,0.28,13,0,1,21.33
10936,52,7,481.17,68.74,0.17,20,0,4,43.31
10937,19,3,60.32,20.11,0.25,10,0,5,34.58
10938,1,8,755.5,94.44,0.15,14,1,3,35.24
10939,6,7,498.39,71.2,0.12,19,1,5,27.99
10940,41,9,270.89,30.1,0.19,17,1,4,30.66
10941,41,9,617.79,68.64,0.22,15,1,5,20.3
10942,43,7,470.59,67.23,0.05,10,1,4,30.39
10943,14,4,328.46,82.12,0.39,20,1,4,12.69
10944,14,5,104.65,20.93,0.23,19,1,5,34.13
10945,49,6,322.63,53.77,0.41,18,0,3,38.16
10946,16,5,498.78,99.76,0.09,19,0,4,19.82
10947,39,8,141.32,17.66,0.51,10,0,2,24.78
10948,27,8,656.48,82.06,0.05,9,1,5,17.13
10949,14,6,304.97,50.83,0.21,18,1,3,16.16
10950,3,3,257.74,85.91,0.05,10,1,3,28.96
10951,4,3,137.13,45.71,0.3,12,1,5,26.68
10952,67,6,659.51,109.92,0.08,18,0,5,38.15
10953,19,6,279.74,46.62,0.25,9,0,4,43.27
10954,154,2,207.66,103.83,0.35,16,0,2,24.63
10955,14,5,165.94,33.19,0.65,9,1,5,18.78
10956,9,2,235.92,117.96,0.38,20,0,5,26.23
10957,13,4,212.23,53.06,0.4,12,1,4,39.5
10958,13,1,67.91,67.91,0.36,9,0,3,25.37
10959,31,7,720.62,102.95,0.21,21,1,5,22.49
10960,1,7,160.84,22.98,0.05,18,0,5,27.83
10961,44,6,184.77,30.8,0.24,8,0,5,23.41
10962,17,6,303.02,50.5,0.17,20,1,5,23.32
10963,17,6,335.12,55.85,0.05,10,0,3,18.44
10964,20,4,400.82,100.2,0.23,13,0,4,14.15
10965,18,7,270.19,38.6,0.24,11,1,4,13.78
10966,21,8,800.77,100.1,0.25,21,1,5,13.71
10967,13,5,460.98,92.2,0.23,16,1,5,19.83
10968,19,6,604.16,100.69,0.25,13,1,4,42.72
10969,16,9,925.34,102.82,0.08,13,1,4,25.44
10970,22,5,464.69,92.94,0.31,8,1,4,37.13
10971,30,3,102.08,34.03,0.34,21,0,2,20.74
10972,9,5,325.03,65.01,0.31,18,1,5,13.81
10973,22,6,583.37,97.23,0.26,16,1,4,37.77
10974,28,6,234.06,39.01,0.65,17,1,5,28.86
10975,1,7,701.51,100.22,0.21,18,1,4,6.94
10976,23,9,779.54,86.62,0.27,13,1,4,43.92
10977,9,7,683.21,97.6,0.45,21,1,5,28.94
10978,16,9,234.32,26.04,0.63,17,1,4,11.2
10979,53,8,586.18,73.27,0.5,17,1,4,18.8
10980,12,11,1018.17,92.56,0.43,15,1,4,29.21
10981,20,6,436.99,72.83,0.12,20,0,5,19.33
10982,1,4,99.83,24.96,0.17,16,1,5,7.15
10983,12,6,686.43,114.4,0.24,18,1,2,15.83
10984,31,10,815.17,81.52,0.05,10,1,5,30.13
10985,12,7,477.97,68.28,0.22,10,1,5,11.45
10986,7,6,312.78,52.13,0.43,15,1,4,32.83
10987,11,6,247.09,41.18,0.19,20,1,5,40.2
10988,93,6,411.78,68.63,0.61,10,0,5,15.03
10989,3,7,146.58,20.94,0.41,10,1,5,42.45
10990,19,14,1593.11,113.79,0.16,12,1,5,44.95
10991,2,5,166.37,33.27,0.43,21,1,5,28.06
10992,24,7,336.71,48.1,0.21,16,0,5,13.77
10993,5,6,610.76,101.79,0.44,11,1,5,13.39
10994,31,6,694.64,115.77,0.19,18,1,5,32.81
10995,10,5,346.34,69.27,0.11,11,0,4,9.46
10996,36,4,369.1,92.28,0.17,13,0,1,36.58
10997,13,3,340.18,113.39,0.32,19,1,5,22.77
10998,1,12,250.62,20.88,0.12,17,1,5,27.19
10999,11,4,61.0,15.25,0.19,13,0,5,24.22
